https://t.me/joinchat/AAAAAFGEzcQDTb62AOmU7g,"ĞœĞµĞ¼Ñ‹ Ğ¸ Ğ½Ğ¾Ğ²Ğ¾ÑÑ‚Ğ¸ Ğ¸Ğ· ĞºĞ¸Ğ½Ğ¾Ğ²ÑĞµĞ»ĞµĞ½Ğ½Ñ‹Ñ…, Ğ·Ğ´ĞµÑÑŒ Ğ·Ğ½Ğ°ÑÑ‚ Ğ±Ğ¾Ğ»ÑŒÑˆĞµ, Ñ‡ĞµĞ¼ Ğ’Ğ¡Ğ•! ĞŸÑ€Ğ¸ÑĞ¾ĞµĞ´Ğ¸Ğ½ÑĞ¹ÑÑ Ğº ÑĞµĞ¼ÑŒĞµ! ğŸ‘»"
https://t.me/joinchat/AAAAAD0vs4sI4Ec0XLHDbg,You are invited to the group Ğ—Ğ½Ğ°ĞµÑ‚Ğµ Ğ»Ğ¸ Ğ’Ñ‹?. Click above to join.
https://t.me/joinchat/AAAAAEJZLe-Zh3MNVC418g,"Ğ¡ĞœĞ˜ ""ĞĞ±Ğ°Ğ½Ğ½Ğ°Ñ Ğ¶ĞµÑÑ‚ÑŒ"" ĞĞ±Ñ€Ğ°Ñ‚Ğ½Ğ°Ñ ÑĞ²ÑĞ·ÑŒ: @yurchell ĞĞ¾Ğ²Ğ¾ÑÑ‚Ğ¸ Ğ¿Ñ€Ğ¸ÑÑ‹Ğ»Ğ°Ğ¹Ñ‚Ğµ ÑÑĞ´Ğ°: @naigolkah_bot Ğ¡ÑÑ‹Ğ»ĞºĞ° Ğ´Ğ»Ñ ..."
https://t.me/joinchat/AAAAAFKsE1_8YOQncKch3Q,ğŸ˜˜ ĞŸÑ€Ğ¸Ğ²ĞµÑ‚. ĞœĞµĞ½Ñ Ğ·Ğ¾Ğ²ÑƒÑ‚ Ğ”Ğ¸Ğ°Ğ½Ğ° Ğ¨ÑƒÑ€Ñ‹Ğ³Ğ¸Ğ½Ğ° Ğ¸ ÑÑ‚Ğ¾ Ğ¼Ğ¾Ğ¹ Ğ¾Ñ„Ğ¸Ñ†Ğ¸Ğ°Ğ»ÑŒĞ½Ñ‹Ğ¹ ĞºĞ°Ğ½Ğ°Ğ». Ğ—Ğ´ĞµÑÑŒ Ñ Ğ¿ÑƒĞ±Ğ»Ğ¸ĞºÑƒÑ ÑĞ¾Ğ²ĞµÑ‚Ñ‹ ...
https://t.me/joinchat/AAAAAEMxAsXUFubcA68fqQ,Ğ¡Ğ°Ğ¼Ñ‹Ğµ Ğ³Ğ¾Ñ€ÑÑ‡Ğ¸Ğµ Ğ½Ğ¾Ğ²Ğ¾ÑÑ‚Ğ¸ ÑƒĞ¶Ğµ Ğ·Ğ´ĞµÑÑŒ! ĞŸĞ¾ Ğ²ÑĞµĞ¼ Ğ²Ğ¾Ğ¿Ñ€Ğ¾ÑĞ°Ğ¼: @MrAnisimoff ĞœĞµĞ½ĞµĞ´Ğ¶ĞµÑ€: @Lyubov_L Ğ¡ÑÑ‹Ğ»ĞºĞ° Ğ´Ğ»Ñ ...
https://t.me/joinchat/AAAAAERBoxfpnLEVTnPTFQ,"Ğ¢Ğ²Ğ¾Ñ Ğ»ÑĞ±Ğ¸Ğ¼Ğ°Ñ Ğ¼ÑƒĞ·Ñ‹ĞºĞ° Ñ‚ĞµĞ¿ĞµÑ€ÑŒ Ğ²ÑĞµĞ³Ğ´Ğ° Ñ Ñ‚Ğ¾Ğ±Ğ¾Ğ¹, Ğ´Ğ°Ğ¶Ğµ ĞºĞ¾Ğ³Ğ´Ğ° Ñ‚Ñ‹ Ğ¾Ñ„Ñ„Ğ»Ğ°Ğ¹Ğ½. Ğ ĞµĞºĞ»Ğ°Ğ¼Ğ°: @godblessmdk @kotony @trebush ..."
https://t.me/joinchat/AAAAAEGWGnfPsYvADfDwuA,Ğ¿Ğ¾ Ğ²ÑĞµĞ¼ Ğ²Ğ¾Ğ¿Ñ€Ğ¾ÑĞ°Ğ¼ - @kornolio @ru_FTP ĞšĞ¾Ğ½Ñ„Ğ° - @konFTP ĞŸÑ€ĞµĞ´Ğ»Ğ°Ğ³Ğ°Ğ¹Ñ‚Ğµ ÑĞ²Ğ¾Ğ¸ Ğ½Ğ¾Ğ²Ğ¾ÑÑ‚Ğ¸ ÑÑĞ´Ğ° - @Tyrik2_bot . . .
https://t.me/joinchat/AAAAAEGELePpdVy-m0pltw,Ğ›ÑƒÑ‡ÑˆĞ¸Ğµ Ğ¿Ñ€ĞµĞ´Ğ»Ğ¾Ğ¶ĞµĞ½Ğ¸Ñ Ğ¸Ğ½Ñ‚ĞµÑ€Ğ½ĞµÑ‚-Ğ¼Ğ°Ğ³Ğ°Ğ·Ğ¸Ğ½Ğ¾Ğ² Ğ¾Ñ‚ lifehacker.ru Ğ”Ñ€ÑƒĞ³Ğ¸Ğµ Ğ½Ğ°ÑˆĞ¸ ĞºĞ°Ğ½Ğ°Ğ»Ñ‹: @mancave â€” Ğ¼ÑƒĞ¶ÑĞºĞ°Ñ ...
https://t.me/joinchat/AAAAAELxDFI9GWOoHqP_Kw,Ğ’Ñ…Ğ¾Ğ´ ÑÑ‚Ñ€Ğ¾Ğ³Ğ¾ 18+ ğŸ”ğŸ”¥ Ğ¡ÑÑ‹Ğ»ĞºĞ° Ğ´Ğ»Ñ Ğ¿Ñ€Ğ¸Ğ³Ğ»Ğ°ÑˆĞµĞ½Ğ¸Ñ ğŸ‘‡ https://t.me/joinchat/AAAAAELxDFI9GWOoHqP_Kw Ğ ĞµĞºĞ»Ğ°Ğ¼Ğ° : @azizovchik
https://t.me/joinchat/AAAAADujhSYE1JEJBRHTUA,ĞÑ„Ğ¸Ñ†Ğ¸Ğ°Ğ»ÑŒĞ½Ñ‹Ğ¹ ĞºĞ°Ğ½Ğ°Ğ» lifehacker.ru ĞšĞ¾Ñ€Ğ¾Ñ‚ĞºĞ°Ñ Ğ²ĞµÑ€ÑĞ¸Ñ â€“ @lhdigest Ğ”Ñ€ÑƒĞ³Ğ¸Ğµ Ğ½Ğ°ÑˆĞ¸ ĞºĞ°Ğ½Ğ°Ğ»Ñ‹: @aliexprs â€” Ğ½Ğ°Ñ…Ğ¾Ğ´ĞºĞ¸ ...
https://t.me/joinchat/AAAAAE7UzVQ5T26I_JbeIQ,You are invited to the group Bob Ğ² ĞºÑƒÑ€ÑĞµ. Click above to join.
https://t.me/joinchat/AAAAADujhSYE1JEJBRHTUA,ĞÑ„Ğ¸Ñ†Ğ¸Ğ°Ğ»ÑŒĞ½Ñ‹Ğ¹ ĞºĞ°Ğ½Ğ°Ğ» lifehacker.ru ĞšĞ¾Ñ€Ğ¾Ñ‚ĞºĞ°Ñ Ğ²ĞµÑ€ÑĞ¸Ñ â€“ @lhdigest Ğ”Ñ€ÑƒĞ³Ğ¸Ğµ Ğ½Ğ°ÑˆĞ¸ ĞºĞ°Ğ½Ğ°Ğ»Ñ‹: @aliexprs â€” Ğ½Ğ°Ñ…Ğ¾Ğ´ĞºĞ¸ ...
https://t.me/joinchat/AAAAAD6sxjSkJIFBZqfX_Q,Ğ’ÑĞµ Ğ»ÑƒÑ‡ÑˆĞµĞµ Ğ¸Ğ· Ğ¼Ğ¸Ñ€Ğ° Ñ„ÑƒÑ‚Ğ±Ğ¾Ğ»Ğ°. ĞŸĞ¾ Ğ²ÑĞµĞ¼ Ğ²Ğ¾Ğ¿Ñ€Ğ¾ÑĞ°Ğ¼ @vadim_parasii
https://t.me/joinchat/AAAAAEEZtsflXHCHgDtfng,Ğ”Ğ¾Ğ·Ğ° Ğ¿Ğ¾Ğ·Ğ¸Ñ‚Ğ¸Ğ²Ğ°! ĞĞ°Ñˆ Ğ¿Ñ€Ğ¾ĞµĞºÑ‚ Ğ² Ğ’Ğš: https://vk.com/grebaniy_stid ĞŸĞ¾ Ğ»ÑĞ±Ñ‹Ğ¼ Ğ²Ğ¾Ğ¿Ñ€Ğ¾ÑĞ°Ğ¼: @FeedBackTor
https://t.me/joinchat/AAAAAEK74JCsKGvvrttAtA,You are invited to the group ĞĞºĞ°Ğ´ĞµĞ¼Ğ¸Ñ ĞŸĞ¾Ñ€ÑĞ´Ğ¾Ñ‡Ğ½Ñ‹Ñ… ĞŸĞ°Ñ€Ğ½ĞµĞ¹. Click above to join.
https://t.me/joinchat/AAAAAEJ1vBtNaSLjFOJuag,Ğ—Ğ´ĞµÑÑŒ Ğ°ĞºÑ‚Ğ¸Ğ²Ğ¸Ñ€ÑƒÑÑ‚ Ğ»Ğ¸Ñ‡Ğ½Ñ‹Ğµ Ğ±Ñ€ĞµĞ½Ğ´Ñ‹ Ğ¸ Ğ¾Ğ±ÑƒÑ‡Ğ°ÑÑ‚ Ğ½ĞµÑ‚Ğ²Ğ¾Ñ€ĞºĞ¸Ğ½Ğ³Ñƒ. 60000+ Ğ¿Ğ¾Ğ´Ğ¿Ğ¸ÑÑ‡Ğ¸ĞºĞ¾Ğ² Ğ½Ğ° Youtube. â°26.05- ÑÑ‚Ğ°Ñ€Ñ‚ 6 ...
https://t.me/joinchat/AAAAAEKwV50tKbcfzJ2WAA,ĞšĞ»Ğ°ÑÑĞ½Ñ‹Ğµ Ñ‚Ğ¾Ğ²Ğ°Ñ€Ñ‹ ÑĞ¾ Ğ²ÑĞµĞ³Ğ¾ Ğ¸Ğ½Ñ‚ĞµÑ€Ğ½ĞµÑ‚Ğ°! Ğ”Ñ€ÑƒĞ³Ğ¸Ğµ Ğ½Ğ°ÑˆĞ¸ ĞºĞ°Ğ½Ğ°Ğ»Ñ‹: @aliexprs â€” Ğ½Ğ°Ñ…Ğ¾Ğ´ĞºĞ¸ AliExpress @mancave ...
https://t.me/joinchat/AAAAAEseuQml3jyXAtGvxA,"Ğ£Ğ½Ğ¸ĞºĞ°Ğ»ÑŒĞ½Ñ‹Ğ¹ ĞºĞ¾Ğ½Ñ‚ĞµĞ½Ñ‚, ĞºĞ¾Ñ‚Ğ¾Ñ€Ñ‹Ğ¹ Ğ·Ğ°ÑÑ‚Ğ°Ğ²Ğ¸Ñ‚ Ğ²Ğ°Ñ Ğ¾ÑÑ‚Ğ°Ñ‚ÑŒÑÑ Ğ² Ğ½Ğ°ÑˆĞµĞ¹ Ğ³Ñ€ÑƒĞ¿Ğ¿Ğµ Ğ¸ Ğ½Ğ°ÑĞ»Ğ°Ğ¶Ğ´Ğ°Ñ‚ÑŒ ÑĞ»Ğ¸Ğ²Ğ°Ğ¼Ğ¸ ..."
https://t.me/joinchat/AAAAAEMHMsNEELMA1qfHhA,ĞÑ„Ğ¸Ñ†Ğ¸Ğ°Ğ»ÑŒĞ½Ñ‹Ğ¹ Ğ¿Ğ°Ğ±Ğ»Ğ¸Ğº ĞºÑ€ÑƒĞ¿Ğ½ĞµĞ¹ÑˆĞµĞ¹ Ğ¿Ğ¾ÑˆĞ»Ğ¾Ğ¹ Ğ³Ñ€ÑƒĞ¿Ğ¿Ñ‹ Ğ² Ğ¡ĞĞ“. ĞšĞ¾Ğ½Ñ‚Ğ°ĞºÑ‚Ğ½Ğ¾Ğµ Ğ»Ğ¸Ñ†Ğ¾ â€” @Vetvik
https://t.me/joinchat/AAAAAFE1NYRO5g5YdQz3Kg,ï¸à¸¿ump. - ÑÑ‚Ğ¾ Ğ¼Ğ¸Ğ½Ğ¸Ğ¼ÑƒĞ¼ +200% Ğº Ñ‚Ğ²Ğ¾ĞµĞ¼Ñƒ Ğ±Ğ°Ğ½ĞºÑƒ. ï¸Ğ¥Ğ¾Ñ‡ĞµÑˆÑŒ Ğ´Ğ°Ñ‚ÑŒ Ğ´Ğ¾ÑÑ‚ÑƒĞ¿ Ğ´Ñ€ÑƒĞ·ÑŒÑĞ¼ Ğ¸ Ğ·Ğ°Ñ€Ğ°Ğ±Ğ¾Ñ‚Ğ°Ñ‚ÑŒ Ğ½Ğ° ÑÑ‚Ğ¾Ğ¼ ...
https://t.me/joinchat/AAAAAEmyTaoI-KCvdGBWqA,"ĞŸÑƒÑ‚ĞµÑˆĞµÑÑ‚Ğ²Ğ¸Ñ, Ñ‚ÑƒÑ€Ğ¸Ğ·Ğ¼, Ğ½ĞµĞ¸Ğ·Ğ²ĞµĞ´Ğ°Ğ½Ğ½Ğ¾Ğµ, Ñ„Ğ°ĞºÑ‚Ñ‹ Ğ¡ÑÑ‹Ğ»ĞºĞ° Ğ´Ğ»Ñ Ğ¿Ñ€Ğ¸Ğ³Ğ»Ğ°ÑˆĞµĞ½Ğ¸Ñ : https://t.me/joinchat/AAAAAEmyTaoI-KCvdGBWqA ..."
https://t.me/joinchat/AAAAAEIdr5pUm117e41-5Q,Ğ˜Ğ½Ñ‚ĞµÑ€ĞµÑĞ½Ñ‹Ğµ Ğ¸ Ğ¿Ğ¾Ğ·Ğ½Ğ°Ğ²Ğ°Ñ‚ĞµĞ»ÑŒĞ½Ñ‹Ğµ Ñ„Ğ°ĞºÑ‚Ñ‹ğŸ“š ĞĞ±Ğ¾ Ğ²ÑĞµĞ¼ Ğ½Ğ° ÑĞ²ĞµÑ‚Ğµ. ğŸŒ Ğ¡Ğ¾Ğ·Ğ´Ğ°Ñ‚ĞµĞ»ÑŒ: @Soon_97 Ğ ĞµĞºĞ»Ğ°Ğ¼Ğ°: @KARINA2098 ...
https://t.me/joinchat/AAAAAE01BTlSdA79m8u6fg,"Ğ§Ğ¸Ñ‚Ğ°Ğ¹ ÑĞ°Ğ¼Ñ‹Ğµ Ñ‡ĞµÑÑ‚Ğ½Ñ‹Ğµ Ğ¾Ñ‚Ğ·Ñ‹Ğ²Ñ‹ Ğ¾ Ñ„Ğ¸Ğ»ÑŒĞ¼Ğ°Ñ…, Ğ°ĞºÑ‚ÑƒĞ°Ğ»ÑŒĞ½Ñ‹Ğµ Ğ½Ğ¾Ğ²Ğ¾ÑÑ‚Ğ¸ Ğ¸ ÑĞ¼Ğ¾Ñ‚Ñ€Ğ¸ Ñ„Ğ¸Ğ»ÑŒĞ¼Ñ‹ Ğ²Ğ¼ĞµÑÑ‚Ğµ Ñ Ğ½Ğ°Ğ¼Ğ¸!"
https://t.me/joinchat/AAAAAEcVuNHsM-PxWnjCeg,Ğ¡Ğ°Ğ¼Ñ‹Ğµ Ğ¾Ñ‚ĞºÑ€Ğ¾Ğ²ĞµĞ½Ğ½Ñ‹Ğµ Ğ¸ÑÑ‚Ğ¾Ñ€Ğ¸Ğ¸ Ñ‚Ğ¾Ğ»ÑŒĞºĞ¾ Ğ½Ğ° Ğ½Ğ°ÑˆĞµĞ¼ ĞºĞ°Ğ½Ğ°Ğ»Ğµ ğŸ˜ ĞŸÑ€Ğ¸ÑĞ»Ğ°Ñ‚ÑŒ ÑĞ²Ğ¾Ñ Ğ¸ÑÑ‚Ğ¾Ñ€Ğ¸Ñ - @TheGreshniki_bot ĞŸĞ¾ ...
https://t.me/joinchat/AAAAAEBNhNNldZrli2WwCA,Ú©Ø§Ù†Ø§Ù„ Ø±Ø³Ù…ÛŒ Ø±Ø³Ø§Ù†Ù‡ ØªØµÙˆÛŒØ±ÙØ§ Ø¨Ø±ÙˆØ²ØªØ±ÛŒÙ† Ù…Ø±Ø¬Ø¹ Ø¯Ø§Ù†Ù„ÙˆØ¯ ÙÛŒÙ„Ù… Ùˆ Ø³Ø±ÛŒØ§Ù„ Ø¯Ø± Ø§ÛŒØ±Ø§Ù† ğŸ˜ Ù„ÛŒÙ†Ú© Ú©Ø§Ù†Ø§Ù„ Ù…Ø§ğŸ‘‡ https ...
https://t.me/joinchat/E08MdxKkZ4DSyS--YPlNxA,"Crazy mining Ğ¿Ñ€Ğ¾Ğ´Ğ°Ğ¶Ğ° ASIC, Ğ²Ğ¸Ğ´ĞµĞ¾ĞºĞ°Ñ€Ñ‚ Ğ»ÑĞ±Ñ‹Ñ… Ğ²Ğ¸Ğ´Ğ¾Ğ². Ğ¢Ğ¾Ğ»ÑŒĞºĞ¾ Ğ¿Ğ¾ ĞºĞ¾Ğ½Ñ‚Ğ°ĞºÑ‚Ğ°Ğ¼: @onizak @crazymining @khanevgeny @hasselvic ..."
https://t.me/joinchat/AAAAAESCAVwU2wY4uIhiBA,"Ğ’ĞµĞ±ÑĞ¼Ğ¾Ğ²ÑĞºĞ°Ñ Ğ´Ñ€Ğ¾Ñ‡Ğ¸Ğ»ÑŒĞ½Ğ°Ñ, ÑƒÑĞ°Ğ¶Ğ¸Ğ²Ğ°Ğ¹Ñ‚ĞµÑÑŒ ÑƒĞ´Ğ¾Ğ±Ğ½ĞµĞµ Ğ­Ñ€Ğ¾Ñ‚Ğ¸Ñ‡ĞµÑĞºĞ¸Ğ¹ Ñ„Ğ¸Ğ»Ğ¸Ğ°Ğ» Ğ¿Ğ°Ğ±Ğ»Ğ¸ĞºĞ° vk.com/webmproject ĞŸĞ¾ ..."
https://t.me/joinchat/AAAAAD-XB7oPjawnyj1W8A,"ĞŸĞ¾ Ñ€ĞµĞºĞ»Ğ°Ğ¼Ğµ Ğ¸ Ğ²ÑĞµĞ¼ Ğ²Ğ¾Ğ¿Ñ€Ğ¾ÑĞ°Ğ¼ Ğ¿Ğ¸ÑĞ°Ñ‚ÑŒ ÑÑĞ´Ğ° @georgekhitarov ĞœÑ‹ Ğ² Ğ²Ğº vk.com/tophumor , Ğ¿Ğ¾Ğ´Ğ¿Ğ¸ÑÑ‹Ğ²Ğ°Ğ¹ÑÑ. ĞŸÑ€Ğ°Ğ¹Ñ-Ğ»Ğ¸ÑÑ‚ ..."
https://t.me/joinchat/DxoSakHOdk5mqsE-LelfVg,https://www.facebook.com/electroneum https://twitter.com/electroneum https://www.instagram.com/electroneum_currency_official/ Telegram: https://t.me/electroneum Price ...
https://t.me/joinchat/AAAAAEArMj_zVIOyRfe7CQ,ğŸ”Ğ¡ĞĞœĞ«Ğ• Ğ–Ğ•Ğ¡Ğ¢ĞšĞ˜Ğ• Ğ“Ğ˜Ğ¤ĞšĞ˜ ğŸ”¹Ğ”Ğ ĞĞšĞ˜ ğŸ”¹Ğ’Ğ—Ğ Ğ«Ğ’Ğ« ğŸ”¹ĞĞ•Ğ¡Ğ§ĞĞ¡Ğ¢ĞĞ«Ğ• Ğ¡Ğ›Ğ£Ğ§ĞĞ˜ ğŸ”¸Ğ£Ğ§Ğ˜ĞœĞ¡Ğ¯ ĞĞ Ğ§Ğ£Ğ–Ğ˜Ğ¥ ĞĞ¨Ğ˜Ğ‘ĞšĞĞ¥ ...
https://t.me/joinchat/AAAAAEeaxbLgYEaFWtXLSA,"ĞĞ²Ñ‚Ğ¾Ñ€ÑĞºĞ¸Ğ¹ Ñ‚ĞµĞ½ĞµĞ²Ğ¾Ğ¹ ĞºĞ°Ğ½Ğ°Ğ» Xack_Blog Ğ¸ ĞµĞ¶ĞµĞ´Ğ½ĞµĞ²Ğ½Ğ¾ Ñ‡Ğ¸Ñ‚Ğ°Ğ¹Ñ‚Ğµ Ğ¿Ñ€Ğ¾ Ğ²ĞµĞ±-Ğ±ĞµĞ·Ğ¾Ğ¿Ğ°ÑĞ½Ğ¾ÑÑ‚ÑŒ, Ğ°Ğ½Ğ¾Ğ½Ğ¸Ğ¼Ğ½Ğ¾ÑÑ‚ÑŒ ..."
https://t.me/joinchat/AAAAAEN6RYDtq2uLaMOeLQ,Ğ¢Ğ¾Ğ¿Ğ¾Ğ²Ñ‹Ğ¹ Ğ±Ğ»Ğ¾Ğ³ Ğ¾ Ğ´Ğ°Ñ€ĞºĞ½ĞµÑ‚Ğµ Ğ•ÑĞ»Ğ¸ Ğ’Ñ‹ Ñ…Ğ¾Ñ‚Ğ¸Ñ‚Ğµ Ğ¿Ñ€ĞµĞ´Ğ»Ğ¾Ğ¶Ğ¸Ñ‚ÑŒ Ğ½Ğ°Ğ¼ ÑĞ²Ğ¾Ğ¹ Ğ¼Ğ°Ñ‚ĞµÑ€Ğ¸Ğ°Ğ» Ğ¿Ğ¸ÑˆĞ¸Ñ‚Ğµ ÑÑĞ´Ğ°: @ruonion_future_bot
https://t.me/joinchat/AAAAAE7CFZ1msPJW7CnU9w,"Ğ§Ñ‚Ğ¾Ğ±Ñ‹ Ğ½Ğ°Ñ‡Ğ°Ñ‚ÑŒ Ñ†ĞµĞ½Ğ¸Ñ‚ÑŒ ÑĞ²Ğ¾Ñ Ğ¶Ğ¸Ğ·Ğ½ÑŒ, Ğ¿Ğ¾ÑĞ¼Ğ¾Ñ‚Ñ€Ğ¸Ñ‚Ğµ ĞºĞ°Ğº ĞµÑ‘ Ğ»Ğ¸ÑˆĞ°ÑÑ‚ÑÑ Ğ´Ñ€ÑƒĞ³Ğ¸Ğµ Ğ»ÑĞ´Ğ¸. Ğ§ĞµÑ€Ğ½Ñ‹Ğ¹ Ñ„Ğ¸Ğ»Ğ¸Ğ°Ğ» ..."
https://t.me/joinchat/AAAAAEGXUv4uaffl7utJDg,Ğ›ÑƒÑ‡ÑˆĞ¸Ğµ Ğ²Ğ°Ñ€Ğ¸Ğ°Ğ½Ñ‚Ñ‹ Ğ¿Ğ°ÑÑĞ¸Ğ²Ğ½Ğ¾Ğ³Ğ¾ Ğ´Ğ¾Ñ…Ğ¾Ğ´Ğ° Ğ² Ğ¸Ğ½Ñ‚ĞµÑ€Ğ½ĞµÑ‚Ğµ - Ğ½Ğ° Ğ¼Ğ¾ĞµĞ¼ Ğ±Ğ»Ğ¾Ğ³Ğµ www.mixinvestor.com ...
https://t.me/joinchat/CjBuZhDXM3mWTdlM0jyP0A,"Ğ˜Ğ½Ğ²ĞµÑÑ‚Ğ¸Ñ†Ğ¸Ğ¸ Ğ² ĞºÑ€Ğ¸Ğ¿Ñ‚Ğ¾Ğ²Ğ°Ğ»ÑÑ‚Ñ‹, Ñ‚Ñ€ĞµĞ¹Ğ´Ğ¸Ğ½Ğ³ ĞºÑ€Ğ¸Ğ¿Ñ‚Ğ¾Ğ²Ğ°Ğ»ÑÑ‚Ğ°Ğ¼Ğ¸, ico, ĞºĞ¾Ğ½ÑÑƒĞ»ÑŒÑ‚Ğ°Ñ†Ğ¸Ğ¸, ÑĞºÑĞ¿ĞµÑ€Ñ‚Ğ¸Ğ·Ğ°. ĞŸĞ¾ Ğ²ÑĞµĞ¼ ..."
https://t.me/joinchat/AAAAAEO4fvASnSxmwOAjcA,Veb-sayt: www.guvd.uz Facebook: www.fb.com/guvd.uz ĞÑ„Ğ¸Ñ†Ğ¸Ğ°Ğ»ÑŒĞ½Ñ‹Ğ¹ Ğ½Ğ¾Ğ²Ğ¾ÑÑ‚Ğ½Ğ¾Ğ¹ ĞºĞ°Ğ½Ğ°Ğ»
https://t.me/joinchat/AAAAAERVmEEd47XtlrF9Kw,You are invited to the group ĞĞ°ÑƒĞºĞ° Ğ¸ Ğ¢ĞµÑ…Ğ½Ğ¸ĞºĞ°. Click above to join.
https://t.me/joinchat/AAAAAEIVTkTq4OOT2FWWPw,You are invited to the group News Ğ¥Ğ°Ğ±Ğ°Ñ€Ğ¾Ğ²ÑĞº. Ğ’ÑĞµ ÑĞ°Ğ¼Ğ¾Ğµ Ğ¸Ğ½Ñ‚ĞµÑ€ĞµÑĞ½Ğ¾Ğµ. Click above to join.
https://t.me/joinchat/AAAAAE_emHNn2XOTFTi3_A,Ğ—Ğ²Ñ‘Ğ·Ğ´Ñ‹ ÑˆĞ¾Ñƒ-Ğ±Ğ¸Ğ·Ğ½ĞµÑĞ° ĞŸĞ¾ Ğ²ÑĞµĞ¼ Ğ²Ğ¾Ğ¿Ñ€Ğ¾ÑĞ°Ğ¼: @kuzkin_otets Ğ§Ğ°Ñ‚ ĞºĞ°Ğ½Ğ°Ğ»Ğ° Ğ—Ğ²Ñ‘Ğ·Ğ´Ñ‹: https://t.me/joinchat/CqxjzRADYVovN2kEEM3jRA
https://t.me/joinchat/AAAAAFCPSBLSgiqkrAvOdA,Ğ¡Ğ°Ğ¼Ñ‹Ğ¹ ÑÑ‚Ñ€Ğ°ÑÑ‚Ğ½Ñ‹Ğ¹ ĞºĞ°Ğ½Ğ°Ğ» Ğ¾Ğ± Ğ¾Ñ‚Ğ½Ğ¾ÑˆĞµĞ½Ğ¸ÑÑ…! ĞšĞ°Ğ¶Ğ´Ğ¾Ğ¼Ñƒ Ğ½Ğ¾Ğ²Ğ¸Ñ‡ĞºÑƒ Ğ¿Ğ»ÑÑĞ¸Ğº Ğ² ĞºĞ°Ñ€Ğ¼Ñƒ Ğ¸ Ğ½Ğ¾Ğ²Ğ¾Ğµ Ğ·Ğ½Ğ°ĞºĞ¾Ğ¼ÑÑ‚Ğ²Ğ¾:) ĞŸĞ¾ ...
https://t.me/joinchat/AAAAAEvaCtF7P3CE2aljDg,Ğ Ğ°Ğ·Ğ²Ğ¸Ğ²Ğ°Ğ¹Ñ‚ĞµÑÑŒ Ğ²Ğ¼ĞµÑÑ‚Ğµ Ñ Ğ½Ğ°Ğ¼Ğ¸! @Voprosy_otvetyy @Teach3r Ğ¡ÑÑ‹Ğ»ĞºĞ° Ğ´Ğ»Ñ Ğ¿Ñ€Ğ¸Ğ³Ğ»Ğ°ÑˆĞµĞ½Ğ¸Ñ Ğ² ĞºĞ°Ğ½Ğ°Ğ» - t.me/joinchat ...
https://t.me/joinchat/AAAAAELUSeSgqecxVeRO-A,ĞœĞ°Ğ»ĞµĞ½ÑŒĞºĞ¸Ğµ Ğ´Ğ¾Ğ¼Ğ°ÑˆĞ½Ğ¸Ğµ ÑĞµĞºÑ€ĞµÑ‚Ñ‹ Ğ´Ğ»Ñ ÑƒÑÑ‚Ğ½Ğ¾Ğ¹ Ğ¶Ğ¸Ğ·Ğ½Ğ¸. Ğ’ÑĞµ Ğ½Ğ°ÑˆĞ¸ ĞºĞ°Ğ½Ğ°Ğ»Ñ‹ @lime_channel ĞĞ´Ğ¼Ğ¸Ğ½Ğ¸ÑÑ‚Ñ€Ğ°Ñ‚Ğ¾Ñ€ @annushkamozh ...
https://t.me/joinchat/BNMj6EPxj3m9X1sQMKb1VA,Ğ§Ğ°Ñ‚ Ğ¸Ğ½Ğ²ĞµÑÑ‚Ğ¾Ñ€Ğ¾Ğ² @penenza P2B-ĞºÑ€ĞµĞ´Ğ¸Ñ‚Ğ¾Ğ²Ğ°Ğ½Ğ¸Ğµ https://penenza.ru/ ĞŸĞ¾ Ğ²ÑĞµĞ¼ Ğ²Ğ¾Ğ¿Ñ€Ğ¾ÑĞ°Ğ¼ Ğ¿Ğ¸ÑˆĞ¸Ñ‚Ğµ @kasares
https://t.me/joinchat/AAAAAEPe7L_yxuar03QOvw,Ğ—Ğ°Ğ±Ğ°Ğ½Ğ¸Ğ»Ğ¸ Ğ¼ÑƒĞ·Ñ‹ĞºÑƒ Ğ² Ğ²Ğº? ĞĞµ Ğ±ĞµĞ´Ğ°!! Ğ¡Ğ»ÑƒÑˆĞ°Ğ¹ ĞµÑ‘ Ñƒ Ğ½Ğ°Ñ! ĞŸĞ¾ Ğ²Ğ¾Ğ¿Ñ€Ğ¾ÑĞ°Ğ¼ ÑĞ¾Ñ‚Ñ€ÑƒĞ´Ğ½Ğ¸Ñ‡ĞµÑÑ‚Ğ²Ğ° Ğ¸ Ñ€ĞµĞºĞ»Ğ°Ğ¼Ñ‹: https://t.me ...
https://t.me/joinchat/AAAAAD9kOpwwCtTouubd5g,"Ğ•ÑĞ»Ğ¸ Ğ²Ñ‹ ÑĞ¶Ğ¼Ğ°Ñ‚ĞµÑ€ÑŒ, Ğ¼Ğ¾Ñ€Ğ°Ğ»Ñ„Ğ°Ğ³, ÑˆĞºĞ¾Ğ»Ğ¾Ñ‚Ğ° Ğ¸Ğ»Ğ¸ Ğ¿Ñ€Ğ¾ÑÑ‚Ğ¾ Ğ²Ğ¿ĞµÑ‡Ğ°Ñ‚Ğ»Ğ¸Ñ‚ĞµĞ»ÑŒĞ½Ñ‹Ğ¹ Ñ‡ĞµĞ»Ğ¾Ğ²ĞµĞº, Ñ‚Ğ¾ Ğ±ĞµĞ³Ğ¸Ñ‚Ğµ ÑĞºĞ¾Ñ€ĞµĞ¹ ..."
https://t.me/joinchat/AAAAAELN3TQw2l7rwessBw,Ğ¡Ğ»Ğ¸Ğ²Ğ°ĞµĞ¼ ÑÑ‚Ñ‹Ğ´Ğ½Ñ‹Ğµ Ñ„Ğ¾Ñ‚Ğ¾ Ğ¸Ğ· Ğ»ÑğŸ˜ˆ ĞŸĞ¾Ğ·Ğ¾Ñ€Ğ½Ñ‹Ğµ ÑˆĞºÑƒÑ€Ñ‹ Ğ¸ Ğ¸Ñ… Ğ¸ÑÑ‚Ğ¾Ñ€Ğ¸Ğ¸! ĞĞµĞ»ĞµĞ¿Ñ‹Ğµ ÑĞ¸Ñ‚ÑƒĞ°Ñ†Ğ¸Ğ¸ ...
https://t.me/joinchat/AAAAAEQv8PQV4VNmjyH89w,Ğ¡Ğ°Ğ¼Ğ¾Ğµ ÑĞ¾Ñ‡Ğ½Ğ¾Ğµ Ğ¸ ÑĞ²ĞµĞ¶ĞµĞµ Ğ´Ğ»Ñ Ñ‚ĞµĞ±Ñ 18+ Ğ¡ÑÑ‹Ğ»ĞºĞ° Ğ´Ğ»Ñ Ğ¿Ñ€Ğ¸Ğ³Ğ»Ğ°ÑˆĞµĞ½Ğ¸Ñ - https://t.me/joinchat/AAAAAEQv8PQV4VNmjyH89w ĞŸĞ¾ Ğ²ÑĞµĞ¼ ...
https://t.me/joinchat/AAAAAEXs9N9FnZhgPuIKxw,Ğ§Ğ¸Ñ‚Ğ°Ğ¹Ñ‚Ğµ Ğ½Ğ°Ñˆ ĞºĞ°Ğ½Ğ°Ğ» Ğ² Ğ¢ĞµĞ»ĞµĞ³Ñ€Ğ°Ğ¼Ğ¼ - Ğ¡Ğ°Ğ¼Ğ°Ñ Ğ»ÑƒÑ‡ÑˆĞ°Ñ ÑÑ‚Ğ°Ñ‚ÑŒÑ Ğ´Ğ»Ñ Ğ’Ğ°Ñ ĞºĞ°Ğ¶Ğ´Ñ‹Ğ¹ Ğ´ĞµĞ½ÑŒ!
https://t.me/joinchat/AAAAAEGLno2WQj1ivqy6sQ,"ĞĞ±ÑƒÑ‡Ğ°ĞµĞ¼ Ğ¸ Ñ€Ğ°Ğ·Ğ²Ğ¸Ğ²Ğ°ĞµĞ¼, Ğ´ĞµĞ»Ğ°ĞµĞ¼ Ğ¶Ğ¸Ğ·Ğ½ÑŒ Ğ² Ğ”Ğ˜Ğ¢ Ğ¸Ğ½Ñ‚ĞµÑ€ĞµÑĞ½ĞµĞµ. ğŸ‘¨ğŸ»â€ğŸ’» ĞŸĞ¾Ğ´Ğ¿Ğ¸ÑĞ°Ñ‚ÑŒÑÑ Ğ½Ğ° ĞºĞ°Ğ½Ğ°Ğ»: https://clck.ru ..."
https://t.me/joinchat/AAAAAEJGyrD1Z2C5l6qAUg,Ğ‘ÑƒĞ´ÑŒ Ğ² Ñ‚ĞµĞ¼Ğµ - Ğ²ĞºĞ»ÑÑ‡Ğ¸ Ğ¾Ñ‚Ğ»Ğ¸Ñ‡Ğ½Ğ¾Ğµ Ğ½Ğ°ÑÑ‚Ñ€Ğ¾ĞµĞ½Ğ¸Ğµ ! ĞĞ°Ñˆ Ğ¿Ñ€Ğ¾ĞµĞºÑ‚ Ğ² Ğ’Ğš: https://vk.com/best_0_0_music ĞŸĞ¾ Ğ»ÑĞ±Ñ‹Ğ¼ ...
https://t.me/joinchat/AAAAAEJGyrD1Z2C5l6qAUg,Ğ‘ÑƒĞ´ÑŒ Ğ² Ñ‚ĞµĞ¼Ğµ - Ğ²ĞºĞ»ÑÑ‡Ğ¸ Ğ¾Ñ‚Ğ»Ğ¸Ñ‡Ğ½Ğ¾Ğµ Ğ½Ğ°ÑÑ‚Ñ€Ğ¾ĞµĞ½Ğ¸Ğµ ! ĞĞ°Ñˆ Ğ¿Ñ€Ğ¾ĞµĞºÑ‚ Ğ² Ğ’Ğš: https://vk.com/best_0_0_music ĞŸĞ¾ Ğ»ÑĞ±Ñ‹Ğ¼ ...
https://t.me/joinchat/AAAAAEQQic2xXXLmYjB6ug,Ğ¢Ğ¾Ğ»ÑŒĞºĞ¾ ÑĞ°Ğ¼Ñ‹Ğµ ÑĞ¿Ğ¾Ñ€Ñ‚Ğ¸Ğ²Ğ½Ñ‹Ğµ Ğ¸ ÑĞ¾Ñ‡Ğ½Ñ‹Ğµ Ñ„Ğ¸Ğ³ÑƒÑ€Ñ‹ Ğ² Ğ»ĞµĞ½Ñ‚Ğµ Ğ´Ğ»Ñ Ñ‚Ğ²Ğ¾ĞµĞ¹ Ğ¼Ğ¾Ñ‚Ğ¸Ğ²Ğ°Ñ†Ğ¸Ğ¸! Ğ”Ğ»Ñ Ğ·Ğ°ĞºĞ°Ğ·Ğ° Ñ€ĞµĞºĞ»Ğ°Ğ¼Ñ‹ ...
https://t.me/joinchat/AAAAAFNfqwBEsw4UO437_w,ğŸ“© ĞŸĞ¾ Ğ²ÑĞµĞ¼ Ğ²Ğ¾Ğ¿Ñ€Ğ¾ÑĞ°Ğ¼: @bumbeuaoaaaa ğŸ”– Ğ¡ÑÑ‹Ğ»ĞºĞ° Ğ´Ğ»Ñ Ğ¿Ñ€Ğ¸Ğ³Ğ»Ğ°ÑˆĞµĞ½Ğ¸Ñ: https://t.me/joinchat/AAAAAFNfqwBEsw4UO437_w
https://t.me/joinchat/AAAAAEHfwOREdh9z6YrVOw,Ğ¡ĞºĞ°Ğ½Ğ´Ğ°Ğ»ÑŒĞ½Ñ‹Ğ¹ ĞºĞ°Ğ½Ğ°Ğ». Ğ¡Ğ°Ğ¼Ğ¾Ğµ Ñ‚ÑƒĞ¿Ğ¾Ğµ Ğ¸Ğ· ÑĞ¾Ñ†Ğ¸Ğ°Ğ»ÑŒĞ½Ñ‹Ñ… ÑĞµÑ‚ĞµĞ¹. Ğ”Ğ»Ñ ÑĞ²ÑĞ·Ğ¸: @krasnov_tg
https://t.me/joinchat/AAAAAElbnPODg8IGaJqiJg,"Ğ–Ğ¸Ğ·Ğ½ÑŒ ĞšĞ°Ğ½ÑĞºĞ° online! Ğ§Ñ‚Ğ¾Ğ±Ñ‹ Ğ¾Ñ‚Ğ¿Ñ€Ğ°Ğ²Ğ¸Ñ‚ÑŒ Ğ½Ğ°Ğ¼ Ğ½Ğ¾Ğ²Ğ¾ÑÑ‚ÑŒ, Ñ„Ğ¾Ñ‚Ğ¾, Ğ²Ğ¸Ğ´ĞµĞ¾, Ğ½Ğ°Ğ¿Ğ¸ÑˆĞ¸Ñ‚Ğµ Ğ½Ğ°ÑˆĞµĞ¼Ñƒ Ğ±Ğ¾Ñ‚Ñƒ: @KansLifeBot"
https://t.me/joinchat/AAAAAEGZDeFRYgDHEtkjvw,"Ğ§Ğ°Ñ‚ Ñ‚Ñ€ĞµĞ¹Ğ´ĞµÑ€Ğ¾Ğ² Ğ´Ğ»Ñ Ğ¾Ğ±ÑÑƒĞ¶Ğ´ĞµĞ½Ğ¸Ñ Ñ‚Ğ¾Ñ€Ğ³Ğ¾Ğ²Ñ‹Ñ… ÑĞ¸Ñ‚ÑƒĞ°Ñ†Ğ¸Ğ¹, Ğ¾Ñ‚Ğ²ĞµÑ‚Ğ¾Ğ² Ğ½Ğ° Ğ²Ğ¾Ğ¿Ñ€Ğ¾ÑÑ‹, Ğ¿Ğ¾Ğ¸ÑĞºĞ° Ğ¸Ğ½Ñ‚ĞµÑ€ĞµÑĞ½Ñ‹Ñ… ..."
https://t.me/joinchat/AAAAAD6rIXMb-iZadpHR6Q,Info: Ğ¿Ğ¾Ğ¼Ğ¾Ğ³Ğ°Ñ Ğ² ÑĞ¾Ğ·Ğ´Ğ°Ğ½Ğ¸Ğ¸ Ğ¸ Ñ€Ğ°Ğ·Ğ²Ğ¸Ñ‚Ğ¸Ğ¸ ĞºĞ°Ğ½Ğ°Ğ»Ğ¾Ğ² Ğ½Ğ° YouTube. Ğ¡Ğ¾Ñ‚Ñ€ÑƒĞ´Ğ½Ğ¸Ñ‡ĞµÑÑ‚Ğ²Ğ¾: @tominvv ĞĞ±Ñ‰ĞµĞ½Ğ¸Ğµ: https://vk.com/tomvv
https://t.me/joinchat/AAAAAD8ut3zydBxmN6s-OQ,"ĞšĞ°Ñ‚Ğ°Ğ»Ğ¾Ğ³: Ğ³Ñ€ÑƒĞ¿Ğ¿, ĞºĞ°Ğ½Ğ°Ğ»Ğ¾Ğ² Ğ¸ Ğ±Ğ¾Ñ‚Ğ¾Ğ² ĞĞ°Ğ²Ğ¸Ğ³Ğ°Ñ†Ğ¸Ñ Ğ¿Ğ¾ ĞºĞ°Ñ‚Ğ°Ğ»Ğ¾Ğ³Ñƒ - https://t.me/ProTelegramRu/1109 Ğ¡Ñ‚Ğ¸ĞºĞµÑ€Ñ‹ - @stickerskrch ..."
https://t.me/joinchat/CD0t5D7iXGnbIe3jbuRUvg,"Ğ“Ñ€ÑƒĞ¿Ğ¿Ğ° Ñ„Ğ¾Ñ€ÑƒĞ¼Ğ° ru-board: Ñ€Ğ°Ğ·Ğ³Ğ¾Ğ²Ğ¾Ñ€Ñ‹ Ğ¾Ğ± IT, Ğ¸ Ğ¾Ğ±Ğ¾ Ğ²ÑĞµĞ¼ Ğ¾ÑÑ‚Ğ°Ğ»ÑŒĞ½Ğ¾Ğ¼. ĞŸÑ€Ğ¸ÑĞ¾ĞµĞ´Ğ¸Ğ½ÑĞ¹Ñ‚ĞµÑÑŒ!"
https://t.me/joinchat/AAAAAEPtLkcaLScjgjYE_Q,Join Channel. You are invited to the group ĞšĞ»ÑƒĞ±ĞµÑ€. Click above to join.
https://t.me/joinchat/AAAAAELjbeOFd9QW4q54EQ,"Ğ§Ñ‚Ğ¾ Ğ±ÑƒĞ´ĞµÑ‚, ĞµÑĞ»Ğ¸ Ğ¸Ğ½Ğ²ĞµÑÑ‚Ğ¸Ñ€Ğ¾Ğ²Ğ°Ñ‚ÑŒ 10$ Ğ² Ğ´ĞµĞ½ÑŒ Ğ² ĞºÑ€Ğ¸Ğ¿Ñ‚Ğ¾Ğ²Ğ°Ğ»ÑÑ‚Ñ‹!? Ğ˜ Ğ²Ğ¾Ğ·ÑŒĞ¼Ñ‘Ñ‚ Ğ»Ğ¸ Ğ£. Ğ‘Ğ°Ñ„Ñ„ĞµÑ‚Ñ‚ ÑĞ²Ğ¾Ğ¸ ÑĞ»Ğ¾Ğ²Ğ° ..."
https://t.me/joinchat/AAAAAEpsUMrHUOi5IVxDaA,You are invited to the group Ğ˜Ğ¼Ğ¿ĞµÑ€Ğ¸Ñ ĞºĞ¸Ğ½Ğ¾. Click above to join.
https://t.me/joinchat/BHFykjwjN3shs7Kg-6URiA,Ù†Ø­ÙˆÙ‡ Ù…Ø¹Ø±ÙÛŒ Ú©Ø§Ù†Ø§Ù„ ØªÙ„Ú¯Ø±Ø§Ù… Ø´Ù…Ø§ ğŸ‘‡ @telesup1 http://telegram-channels.ir Ø±Ø¨Ø§Øª Ù‡Ø§: @botmotarjembot Ù…ØªØ±Ø¬Ù… Ø±Ø§ÛŒÚ¯Ø§Ù† @gheymatbazarbot ...
https://t.me/joinchat/AAAAAEMU5PcxhQZlqpPbbg,ğŸ“Œ ĞŸĞ¾ Ğ²ÑĞµĞ¼ Ğ²Ğ¾Ğ¿Ñ€Ğ¾ÑĞ°Ğ¼: @goldbet_alena ğŸ“Œ CÑÑ‹Ğ»ĞºĞ° Ğ½Ğ°ÑˆĞµĞ³Ğ¾ ĞºĞ°Ğ½Ğ°Ğ»Ğ°: https://t.me/joinchat/AAAAAEMU5PcxhQZlqpPbbg ğŸ“Œ Ğ’ÑĞµ Ğ¼Ğ°Ñ‚Ñ‡Ğ¸ ...
https://t.me/joinchat/AAAAAEOC4HCayRpuzkrghA,Ğ”Ğ¾Ğ±Ñ€Ğ¾ Ğ¿Ğ¾Ğ¶Ğ°Ğ»Ğ¾Ğ²Ğ°Ñ‚ÑŒ Ğ² ĞœĞ¸Ñ€ Ğ½Ğµ Ğ²Ñ‹Ğ´ÑƒĞ¼Ğ°Ğ½Ğ½Ñ‹Ñ… Ğ¸ÑÑ‚Ğ¾Ñ€Ğ¸Ğ¹ Ğ¸Ğ· Ğ¶Ğ¸Ğ·Ğ½Ğ¸! ĞĞ”ĞœĞ˜Ğ/Ğ¡ĞĞ¢Ğ Ğ£Ğ”ĞĞ˜Ğ§Ğ•Ğ¡Ğ¢Ğ’Ğ - @Mongol_BY ...
https://t.me/joinchat/AAAAAEYpZ3S-30wKc-gljA,Ğ—Ğ°Ñ€ÑĞ¶Ğ°Ğ¹ÑÑğŸ˜€Ğ¿Ğ¾Ğ·Ğ¸Ñ‚Ğ¸Ğ²Ğ¾Ğ¼ğŸ˜Ğ²Ğ¼ĞµÑÑ‚Ğµ Ñ Ğ½Ğ°Ğ¼Ğ¸ğŸ˜‚!!!!! ĞšĞ°Ğ¶Ğ´Ñ‹Ğ¹ Ğ´ĞµĞ½ÑŒ Ñ‚Ğ¾Ğ»ÑŒĞºĞ¾ ĞºĞ°Ñ‡ĞµÑÑ‚Ğ²ĞµĞ½Ğ½Ñ‹Ğ¹ ĞºĞ¾Ğ½Ñ‚ĞµĞ½Ñ‚!!!!!ğŸ‘ ĞŸĞ¾ ...
https://t.me/joinchat/AAAAAENayH1kg5dA1Jzwiw,"Ğ–ÑƒÑ€Ğ½Ğ°Ğ» Ğ´Ğ»Ñ Ğ½Ğ°ÑÑ‚Ğ¾ÑÑ‰Ğ¸Ñ… Ğ¼ÑƒĞ¶Ñ‡Ğ¸Ğ½, Ğ¿Ñ€Ğ¸ÑĞ¾ĞµĞ´Ğ¸Ğ½ÑĞ¹ÑÑğŸ’ªğŸ” Ğ ĞµĞºĞ»Ğ°Ğ¼Ğ°: @mens_videoteka Ğ•ÑĞ»Ğ¸ ÑĞ¿Ğ°Ğ¼ - @writedestiBot Ğ§Ğ°Ñ‚ - @ ..."
https://t.me/joinchat/AAAAAE7Tg2DquYBsWAxJDg,ĞšĞ°Ğ½Ğ°Ğ» Ñ Ñ€ĞµĞ°Ğ»ÑŒĞ½Ñ‹Ğ¼Ğ¸ ÑĞ¸Ğ³Ğ½Ğ°Ğ»Ğ°Ğ¼Ğ¸ Ğ¸ Ğ²ĞµĞ»Ğ¸ĞºĞ¾Ğ»ĞµĞ¿Ğ½Ñ‹Ğ¼ ĞºĞ¾Ğ¼ÑŒÑĞ½Ğ¸Ñ‚Ğ¸. Ğ—Ğ´ĞµÑÑŒ Ğ²Ñ‹ Ğ½Ğ°Ğ¹Ğ´ĞµÑ‚Ğµ Ñ‚Ğ¾Ğ»ÑŒĞºĞ¾ ...
https://t.me/CoinMetro,"If you have Telegram, you can view and join CoinMetro right away."
https://t.me/joinchat/FAPWlBHEWo2oLKXcpEeN4A,You are invited to the group Ğ”Ğ¾ÑÑ‚ÑƒĞ¿Ğ½Ğ¾ Ğ¾ ĞĞ¯Ğš Ğ¸ Ğ‘Ğš. Click above to join.
https://t.me/joinchat/AAAAAERmjl5reHu59LYf8g,ĞĞ²Ñ‚Ğ¾Ñ€ÑĞºĞ¸Ğ¹ ĞºĞ°Ğ½Ğ°Ğ» ĞºÑ€Ğ¸Ğ¿Ñ‚Ğ¾ Ğ¸Ğ½Ğ²ĞµÑÑ‚Ğ¾Ñ€Ğ° ğŸ’° Ğ’Ñ‚Ğ¾Ñ€Ğ¾Ğ¹ ĞºĞ°Ğ½Ğ°Ğ» Ñ Ğ²Ñ‹Ğ¶Ğ¸Ğ¼ĞºĞ¾Ğ¹ ÑĞ°Ğ¼Ğ¾Ğ¹ ÑĞ¾Ñ‡Ğ½Ğ¾Ğ¹ Ğ¸Ğ½Ñ„Ğ¾Ñ€Ğ¼Ğ°Ñ†Ğ¸Ğ¸ https://t ...
https://t.me/joinchat/AAAAAEPe7L_yxuar03QOvw,Ğ—Ğ°Ğ±Ğ°Ğ½Ğ¸Ğ»Ğ¸ Ğ¼ÑƒĞ·Ñ‹ĞºÑƒ Ğ² Ğ²Ğº? ĞĞµ Ğ±ĞµĞ´Ğ°!! Ğ¡Ğ»ÑƒÑˆĞ°Ğ¹ ĞµÑ‘ Ñƒ Ğ½Ğ°Ñ! ĞŸĞ¾ Ğ²Ğ¾Ğ¿Ñ€Ğ¾ÑĞ°Ğ¼ ÑĞ¾Ñ‚Ñ€ÑƒĞ´Ğ½Ğ¸Ñ‡ĞµÑÑ‚Ğ²Ğ° Ğ¸ Ñ€ĞµĞºĞ»Ğ°Ğ¼Ñ‹: https://t.me ...
https://t.me/joinchat/Dn3HRwySPqYIvDamS-SFjA,ĞĞ°Ğ¹Ğ´Ñƒ 100 Ğ¿Ğ°Ñ€Ñ‚Ğ½ĞµÑ€Ğ¾Ğ² Ğº Ğ’Ğ°Ğ¼ Ğ² Ğ¿Ñ€Ğ¾ĞµĞºÑ‚ - https://youtu.be/sdABGKlgWAs Ğ’Ñ‹Ğ²ĞµĞ´Ñƒ Ğ·Ğ° Ñ€ÑƒĞºÑƒ Ğ½Ğ° Ğ´Ğ¾Ñ…Ğ¾Ğ´ 150-300 Ñ‚.Ñ€ Ğ² Ğ¼ĞµÑ - https ...
https://t.me/joinchat/AAAAAEJ8O9mbnZvbyZ5I1Q,"ĞšĞ¾Ğ¼Ğ°Ğ½Ğ´Ğ° Ğ¾Ğ¿Ñ‹Ñ‚Ğ½Ñ‹Ñ… ĞºÑ€Ğ¸Ğ¿Ñ‚Ğ¾Ñ‚Ñ€ĞµĞ¹Ğ´ĞµÑ€Ğ¾Ğ² Ğ´ĞµĞ»Ğ¸Ñ‚ÑÑ ÑĞ²Ğ¾Ğ¸Ğ¼Ğ¸ ÑĞµĞºÑ€ĞµÑ‚Ğ°Ğ¼Ğ¸, Ğ¾Ğ¿Ñ‹Ñ‚Ğ¾Ğ¼ Ğ¸ Ğ½Ğ°Ñ€Ğ°Ğ±Ğ¾Ñ‚ĞºĞ°Ğ¼Ğ¸ Ğ´Ğ»Ñ ..."
https://t.me/joinchat/AAAAAD72tDaVD5wS5hJElg,"Ğ¡Ğ¼Ğ¾Ñ‚Ñ€Ğ¸, ĞºĞ°ĞºĞ¾Ğ¹ Ğ·Ğ´ĞµÑÑŒ Ñ‚Ñ€ÑÑˆ Ğ¡Ğ¾Ğ·Ğ´Ğ°Ñ‚ĞµĞ»ÑŒ, Ğ ĞµĞºĞ»Ğ°Ğ¼Ğ°, Ğ’ĞŸ - @Alexgens, https://vk.com/id205860831 Ğ ĞµĞºĞ»Ğ°Ğ¼Ğ°: @Social_Energy ..."
https://t.me/joinchat/FeAA8hJw_3VXjUHc7ZjVHg,Ğ’Ñ‹ĞºĞ»Ğ°Ğ´Ñ‹Ğ²Ğ°ĞµĞ¼ Ñ€Ğ°Ğ±Ğ¾Ñ‚Ñ‹ Ğ¿Ğ¾ Ğ·Ğ°Ğ´Ğ°Ğ½Ğ¸ÑĞ¼ ÑĞºÑ€Ğ°Ğ¹Ğ±Ğ¸Ğ½Ğ³ Ğ¼Ğ°Ñ€Ğ°Ñ„Ğ¾Ğ½Ğ° Ğ¾Ñ‚ Scriberry.ru/marafon2018 Ğ¸ ĞœĞ°Ñ€Ğ¸Ğ½Ñ‹ Ğ›ÑĞ±ĞµÑ†ĞºĞ¾Ğ¹.
https://t.me/joinchat/AAAAAEI7BEzqj1411Aishw,Ğ Ğ°ÑÑˆĞ¸Ñ€ÑŒ ÑĞ²Ğ¾Ğ¸ Ğ²Ğ¾Ğ·Ğ¼Ğ¾Ğ¶Ğ½Ğ¾ÑÑ‚Ğ¸ ĞĞ°Ñˆ Ğ¿Ñ€Ğ¾ĞµĞºÑ‚ Ğ² Ğ’Ğš https://vk.com/domicus ĞŸĞ¾ Ğ²ÑĞµĞ¼ Ğ²Ğ¾Ğ¿Ñ€Ğ¾ÑĞ°Ğ¼: @FeedBackTor
https://t.me/joinchat/FkZtERGQ1qUEU7iAzC6xVQ,You are invited to the group THEKEY OFFICIAL. Click above to join.
https://t.me/joinchat/AAAAAEO1-BQ8AVTZlh1GQw,https://t.me/joinchat/AAAAAEO1-BQ8AVTZlh1GQw - Ğ¡ÑÑ‹Ğ»ĞºĞ° Ğ´Ğ»Ñ Ğ¿Ñ€Ğ¸Ğ³Ğ»Ğ°ÑˆĞµĞ½Ğ¸Ñ Ğ´Ñ€ÑƒĞ·ĞµĞ¹. Ğ’ĞĞ˜ĞœĞĞĞ˜Ğ•!!! Ğ’ ĞºĞ°Ğ½Ğ°Ğ»Ğµ Ğ½ĞµÑ‚ Ğ´ĞµĞ²ÑƒÑˆĞµĞº ...
https://t.me/joinchat/Gm8ffBFfcLnbwDWJeDVBCA,You are invited to the group WELL Token Crowdsale. Click above to join.
https://t.me/joinchat/FTRbNEHCWn7UBN21NSCUGw,ĞšĞ¾Ğ¼Ğ¼ÑƒĞ½Ğ¸ĞºĞ°Ñ†Ğ¸Ğ¸ Ñ Ñ€ĞµĞ·Ğ¸Ğ´ĞµĞ½Ñ‚Ğ°Ğ¼Ğ¸ https://feedback.sk.ru/instructions/4760/ ĞšĞ°Ğº Ğ´Ğ¾ Ğ½Ğ°Ñ Ğ´Ğ¾Ğ±Ñ€Ğ°Ñ‚ÑŒÑÑ http://sk.ru/city/transport/p ...
https://t.me/joinchat/AAAAAEpsUMrHUOi5IVxDaA,You are invited to the group Ğ˜Ğ¼Ğ¿ĞµÑ€Ğ¸Ñ ĞºĞ¸Ğ½Ğ¾. Click above to join.
https://t.me/joinchat/B1LyW1HGaKG5Fjc478wcfQ,Ğ›ĞµĞ³Ğ¸Ñ‚Ğ¸Ğ¼Ğ½Ñ‹Ğ¹ ĞĞ±Ñƒ - @abunya ĞŸÑ€Ğ°Ğ²Ğ¸Ğ»Ğ° - ĞºĞ¾Ğ¼Ğ°Ğ½Ğ´Ğ° /rules Ğ Ğ°Ğ·Ğ±Ğ°Ğ½Ñ‹ - @ChristianXXX Ğ¡Ğ¿Ğ¸ÑĞ¾Ğº Ğ²ÑĞµÑ… ĞºĞ¾Ğ½Ñ„ĞµÑ€ĞµĞ½Ñ†Ğ¸Ğ¹ - #2ch ...
https://t.me/joinchat/AAAAAENv7G_tgiLXetRb1A,"ĞÑ‚Ğ±Ğ¾Ñ€Ğ½Ñ‹Ğ¹ ĞºĞ¾Ğ½Ñ‚ĞµĞ½Ñ‚ ğŸ˜ˆ Ğ¢ÑƒÑ‚ Ğ·Ğ°ÑˆĞºĞ°Ğ»Ğ¸Ğ²Ğ°ĞµÑ‚ ÑĞ°Ñ€ĞºĞ°Ğ·Ğ¼ Ğ¸ Ñ‚Ñ€Ğ¾Ğ»Ğ»Ğ¸Ğ½Ğ³, Ğ½Ğµ Ğ¿Ğ¾Ğ½Ğ¸Ğ¼Ğ°ĞµÑˆÑŒ ÑˆÑƒÑ‚Ğ¾Ğº? Ğ“ÑƒĞ»ÑĞ¹ Ğ² www.ok.ru ..."
https://t.me/joinchat/AAAAAEcNCdRvUmScRZgiDQ,ğŸ”¥Ğ‘ĞµÑĞ¿Ğ»Ğ°Ñ‚Ğ½Ñ‹Ğµ Ñ€ĞµĞºĞ¾Ğ¼ĞµĞ½Ğ´Ğ°Ñ†Ğ¸Ğ¸ Ğ¿Ğ¾ Ñ‚Ñ€ÑĞ¹Ğ´Ğ¸Ğ½Ğ³Ñƒ ğŸ”¥Ğ¡Ğ¸Ğ³Ğ½Ğ°Ğ»Ñ‹ Ğ¸Ğ· Ğ½Ğ°ÑˆĞµĞ³Ğ¾ Ğ¿Ñ€Ğ¸Ğ²Ğ°Ñ‚Ğ½Ğ¾Ğ³Ğ¾ ĞºĞ°Ğ½Ğ°Ğ»Ğ° ...
https://t.me/joinchat/AAAAADwChUu9RsitnxsVsg,Ú©Ø§Ù†Ø§Ù„ Ø±Ø³Ù…ÛŒ Ø¨ÛŒØ§ØªÙˆÙ„ÙˆÚ©Ø³ Ø¬Ù‡Øª Ø¯Ø§Ù†Ù„ÙˆØ¯ Ù…ÙˆØ²ÛŒÚ© Ø¹Ø¶Ùˆ Ú©Ø§Ù†Ø§Ù„ Ø´ÙˆÛŒØ¯ . . @Rezababadii . . . . Ø¯Ù†Ø¨Ø§Ù„ Ù…ÙˆØ²ÛŒÚ© Ø®Ø§ØµÛŒ Ù…ÛŒÚ¯Ø±Ø¯ÛŒ ...
https://t.me/cinema,"If you have Telegram, you can view and join ĞšĞ¸Ğ½Ğ¾ right away."
https://t.me/joinchat/AAAAADwRC0NoXm8mJt1DjQ,Ø¯Ø§Ù†Ù„ÙˆØ¯ Ø¢Ù‡Ù†Ú¯ Ø¬Ø¯ÛŒØ¯ ØŒ Ø¯Ø§Ù†Ù„ÙˆØ¯ Ø¢Ù„Ø¨ÙˆÙ… Ø¬Ø¯ÛŒØ¯ØŒ Ø¯Ø§Ù†Ù„ÙˆØ¯ Ù…ÙˆØ²ÛŒÚ© ÙˆÛŒØ¯Ø¦Ùˆ Ø¬Ø¯ÛŒØ¯ØŒ Ø§Ù‡Ù†Ú¯ Ø¬Ø¯ÛŒØ¯ Ø§ÛŒØ±Ø§Ù†ÛŒ Ùˆ Ø®Ø§Ø±Ø¬ÛŒ ...
https://t.me/joinchat/AAAAAEHtUFGCcB7bEuXnSA,Join Group. You are invited to the group Avgle. Click above to join.
https://t.me/joinchat/Cd-S-00GSstUTkst4LmQ1Q,You are invited to the group NiÃ³bio Cash (NBR) - Criptomoeda. Click above to join.
https://t.me/joinchat/FoisO0R8kn6WmkuNlheyeA,"Ğ§Ğ°Ñ‚ Ğ¾Ğ± ico (Ğ¢Ğ¾ĞºĞµĞ½ ÑĞµĞ¹Ğ»Ğ°Ñ…) Ğ½Ğ° Ñ€ÑƒÑÑĞºĞ¾Ğ¼ ÑĞ·Ñ‹ĞºĞµ, Ğ¸Ñ‰ĞµĞ¼ Ğ»ÑƒÑ‡ÑˆĞ¸Ğµ Ğ¿Ñ€Ğ¾ĞµĞºÑ‚Ñ‹, Ğ¾Ğ±ÑÑƒĞ¶Ğ´Ğ°ĞµĞ¼, Ğ´ĞµĞ»Ğ¸Ğ¼ÑÑ Ğ¾Ğ¿Ñ‹Ñ‚Ğ¾Ğ¼."
https://t.me/joinchat/AAAAAE1DItSK1TKu9oPLUA,Ğ¡Ğ¼ĞµĞ»Ñ‹Ğµ Ğ¸Ğ½Ğ²ĞµÑÑ‚Ğ¸Ñ†Ğ¸Ğ¸ Ğ² Ğ½Ğ¾Ğ²Ñ‹Ğµ ĞºÑ€Ğ¸Ğ¿Ñ‚Ğ¾Ğ²Ğ°Ğ»ÑÑ‚Ñ‹. ĞĞ½Ğ»Ğ°Ğ¹Ğ½ Ğ¿Ğ¾Ñ€Ñ‚Ñ„ĞµĞ»ÑŒ ĞšĞ Ğ˜ĞĞ¡. Crypto FAQ. Ğ¡ĞºĞ»Ğ°Ğ´Ñ‡Ğ¸Ğ½Ñ‹ Ğ´Ğ»Ñ ICO / Pre-Sale.
https://t.me/joinchat/AAAAAEG4-ecdSpJ7-39oCg,ĞŸĞµÑ€Ğ²Ğ¾Ğ¸ÑÑ‚Ğ¾Ñ‡Ğ½Ğ¸Ğº Ğ¿Ñ€Ğ°Ğ²Ğ¸Ğ»ÑŒĞ½Ğ¾Ğ¹ Ğ¸ Ğ°ĞºÑ‚ÑƒĞ°Ğ»ÑŒĞ½Ğ¾Ğ¹ Ğ¸Ğ½Ñ„Ğ¾Ñ€Ğ¼Ğ°Ñ†Ğ¸Ğ¸ Ğ¾ Ğ·Ğ°Ñ€Ğ°Ğ±Ğ¾Ñ‚ĞºĞµ Ğ² digital Ğ²ĞµĞºĞµ. -Ğ˜Ğ½Ñ‚ĞµÑ€Ğ²ÑŒÑ Ğ¸ ...
https://www.t.me/joinchat/FDNbh0M079pQr8E2tuRq3w,You are invited to a group chat on Telegram. Click to join: Join Group
https://t.me/joinchat/AAAAAEREZnrr-3eZbEHpDA,"ĞĞ½Ğ»Ğ°Ğ¹Ğ½ Ğ¶ÑƒÑ€Ğ½Ğ°Ğ» Ğ´Ğ»Ñ Ñ‚ĞµÑ…, ĞºÑ‚Ğ¾ Ñ€Ğ°Ğ±Ğ¾Ñ‚Ğ°ĞµÑ‚ Ğ½Ğ°Ğ´ ÑĞ¾Ğ±Ğ¾Ğ¹, Ğ¸Ğ½Ñ‚ĞµÑ€ĞµÑÑƒĞµÑ‚ÑÑ Ğ¿ÑĞ¸Ñ…Ğ¾Ğ»Ğ¾Ğ³Ğ¸ĞµĞ¹ Ğ¸ ÑĞ°Ğ¼Ğ¾Ñ€Ğ°Ğ·Ğ²Ğ¸Ñ‚Ğ¸ĞµĞ¼."
https://t.me/joinchat/CUpsCD9ocXL_3JA2hB9k7w,Ğ§Ğ°Ñ‚ Ğ¿Ğ¾Ñ€Ñ‚Ğ°Ğ»Ğ° codeby.net Ğ¾ Ğ¿Ñ€Ğ¾Ğ³Ñ€Ğ°Ğ¼Ğ¼Ğ¸Ñ€Ğ¾Ğ²Ğ°Ğ½Ğ¸Ğ¸ Ğ¸ ĞºĞ¸Ğ±ĞµÑ€Ğ±ĞµĞ·Ğ¾Ğ¿Ğ°ÑĞ½Ğ¾ÑÑ‚Ğ¸. ĞĞ°Ñˆ ĞºĞ°Ğ½Ğ°Ğ»: t.me/webware Ğ¤Ğ¾Ñ€ÑƒĞ¼: codeby.net ...
https://t.me/joinchat/AAAAAELu4rAJWWmXhENFoQ,ĞŸÑĞ¸Ñ…Ğ¸ Ñ‚Ğ¾Ğ¶Ğµ Ğ»ÑĞ´Ğ¸ ğŸ˜ˆ @Manager_xx / @kotov_007 - Ğ¼ĞµĞ½ĞµĞ´Ğ¶ĞµÑ€; @dmastoff / vk.com/d.mastof - Ğ¾Ğ±Ñ€Ğ°Ñ‚Ğ½Ğ°Ñ ÑĞ²ÑĞ·ÑŒ
https://t.me/joinchat/AAAAAEeC0GPwibq1iTYmsg,Ğ¡Ğ°Ğ¼Ñ‹Ğ¹ ĞµĞ±Ğ°Ğ½ÑƒÑ‚Ñ‹Ğ¹ ĞºĞ°Ğ½Ğ°Ğ» Ñ Ğ³Ğ¸Ñ„ĞºĞ°Ğ¼Ğ¸. ÑÑÑ‹Ğ»ĞºĞ° Ğ´Ğ»Ñ Ğ²ÑÑ‚ÑƒĞ¿Ğ»ĞµĞ½Ğ¸Ñ - https://t.me/joinchat/AAAAAEeC0GPwibq1iTYmsg ĞŸĞ¾ Ñ€ĞµĞºĞ»Ğ°Ğ¼Ğµ
https://t.me/xamarin_russia,"If you have Telegram, you can view and join Xamarin Developers right away."
https://t.me/joinchat/AAAAAEDvhYIiuHacNT12sA,"ĞŸĞ¸ÑˆĞµĞ¼ Ğ¾ Ğ²Ğ¸Ğ´ĞµĞ¾ĞºĞ¾Ğ½Ñ‚ĞµĞ½Ñ‚Ğµ, Ğ·Ğ° ĞºĞ¾Ñ‚Ğ¾Ñ€Ñ‹Ğ¹ Ğ½Ğµ ÑÑ‚Ñ‹Ğ´Ğ½Ğ¾. ĞĞ¾Ğ²Ğ¾ÑÑ‚Ğ¸, Ñ€ÑƒĞ±Ñ€Ğ¸ĞºĞ¸ Ñ Ğ±Ğ»Ğ¾Ğ³ĞµÑ€Ğ°Ğ¼Ğ¸ Ğ¸ Ğ¿ĞµÑ€ĞµĞ²Ğ¾Ğ´Ñ‹ Ñ€Ğ¾Ğ»Ğ¸ĞºĞ¾Ğ²."
https://t.me/joinchat/AAAAAEQRnka7miLCiFaYrA,Ğ Ğ°Ğ·Ğ²Ğ»ĞµĞºĞ°Ñ‚ĞµĞ»ÑŒĞ½Ğ¾-Ğ°Ğ½Ğ°Ğ»Ğ¸Ñ‚Ğ¸Ñ‡ĞµÑĞºĞ¸Ğ¹ ĞºĞ°Ğ½Ğ°Ğ». Ğ²ÑĞµ Ğ²Ğ¾Ğ¿Ñ€Ğ¾ÑÑ‹ @neckercube Ğ ĞµĞºĞ»Ğ°Ğ¼Ğ°: @Social_Energy Ğ“Ñ€Ğ°Ñ„Ğ¸Ğº Ğ¸ Ğ¿Ñ€Ğ°Ğ¹Ñ ...
https://t.me/joinchat/AAAAAAwPluX2vmBVxjKtUQ,You are invited to the group Ğ£Ñ‡Ğ°ÑÑ‚Ğ½Ğ¸ĞºĞ¸ ĞºĞ»ÑƒĞ±Ğ° Ğ•Ğ»ĞµĞ½Ñ‹ ĞšĞ°Ğ·Ğ°Ğ½Ñ†ĞµĞ²Ğ¾Ğ¹-Ğ‘Ñ€Ğ°Ğ³Ğ¸Ğ½Ğ¾Ğ¹. Click above to join.
https://t.me/joinchat/AAAAADwC6NcTltTHP8FBZA,â˜‘ï¸ Ø±Ø³Ø§Ù†Ù‡ ÙØ±Ù‡Ù†Ú¯ÛŒ Ùˆ Ù‡Ù†Ø±ÛŒ Ø¯Ø± Ø²Ù…ÛŒÙ†Ù‡ Ù…ÙˆØ³ÛŒÙ‚ÛŒ ğŸµ ğŸ¶ ğŸ¤ admin : @jadminn Ù„Ø·ÙØ§ Ø¢Ù‡Ù†Ú¯ Ø¯Ø±Ø®ÙˆØ§Ø³Øª Ù†Ú©Ù†ÛŒØ¯ ğŸ’¢ @jamseda ...
https://t.me/joinchat/AAAAAENqXxLOrKHqI0_a6g,"You are invited to the group Ğ–Ğ¸Ğ²Ğ¾Ğ¹ Ğ—Ğ²ÑƒĞº ĞĞ Ğš ""Ğ”Ğ¾Ğ·Ğ¾Ñ€"". Click above to join."
https://t.me/joinchat/AAAAAEL-YOdUAWgwEYgFXQ,ĞœĞ¾Ğ¹ Ğ¿Ñ€Ğ¾Ñ„Ğ¸Ğ»ÑŒ: @Dfast_bet ĞÑ‚Ğ·Ñ‹Ğ²Ñ‹: @Fast_review ĞŸĞ»Ğ°Ñ‚Ğ½Ğ°Ñ Ğ¿Ğ¾Ğ´Ğ¿Ğ¸ÑĞºĞ°: @Fast_bet_bot Ğ¡ÑÑ‹Ğ»ĞºĞ° Ğ´Ğ»Ñ Ğ¿Ñ€Ğ¸Ğ³Ğ»Ğ°ÑˆĞµĞ½Ğ¸Ñ Ğ½Ğ° ĞºĞ°Ğ½Ğ°Ğ» ...
https://t.me/joinchat/AAAAAEJXbYWYwoOrSiKKbA,"Ø¬ÙˆÚ© Ø³Ú©Ø³ÛŒ Ùˆ Ø®ÙÙ† ØªÙ„Ú¯Ø±Ø§Ù… Ùˆ ÙˆØ§ØªØ³ Ø¢Ù¾, Ú©Ø§Ù†Ø§Ù„ Ø¬ÙˆÚ© Ø¬Ø¯ÛŒØ¯ , Ø¬ÙˆÚ© ØªØµÙˆÛŒØ±ÛŒ ,Ø¬ÙˆÚ© Ø³Ú©30, Ø¬ÙˆÚ© Ø®Ù†Ø¯Ù‡ Ø¯Ø§Ø±, Ø¬ÙˆÚ© Ø¨ÛŒ Ø§Ø¯Ø¨ÛŒ ..."
https://t.me/mobile_jobs,"If you have Telegram, you can view and join Mobile Dev Jobs â€” Ğ²Ğ°ĞºĞ°Ğ½ÑĞ¸Ğ¸ Ğ¸ Ğ°Ğ½Ğ°Ğ»Ğ¸Ñ‚Ğ¸ĞºĞ° right away."
https://t.me/joinchat/AAAAADu2fFuk90jCd6CAfg,"Ğ¡ĞµÑ€Ğ¸Ğ°Ğ»Ñ‹, ĞºĞ¾Ñ‚Ğ¾Ñ€Ñ‹Ğµ Ñ…Ğ¾Ñ‡ĞµÑ‚ÑÑ Ğ¿Ğ¾ÑĞ¾Ğ²ĞµÑ‚Ğ¾Ğ²Ğ°Ñ‚ÑŒ Ğ´Ñ€ÑƒĞ·ÑŒÑĞ¼ Ğ¡Ğ²ÑĞ·ÑŒ: @jenis_joplin Ğ¡Ğ°Ğ¹Ñ‚: lastmag.ru"
https://t.me/joinchat/C3lJ_EqR0r22CFBhpiINaA,"Ğ¢ÑƒÑ‚ Ğ¼Ğ¾Ğ¶Ğ½Ğ¾ Ğ´ĞµĞ»Ğ¸Ñ‚ÑŒÑÑ Ñ„Ğ¾Ñ‚ĞºĞ°Ğ¼Ğ¸ Ğ²Ğ°ÑˆĞ¸Ñ… Ğ°Ğ²Ñ‚Ğ¾ Ğ¸ Ğ²Ñ‹ĞµĞ·Ğ´Ğ¾Ğ², Ğ·Ğ°Ğ´Ğ°Ğ²Ğ°Ñ‚ÑŒ Ğ²Ğ¾Ğ¿Ñ€Ğ¾ÑÑ‹ ĞºĞ¾Ğ½ÑÑƒĞ»ÑŒÑ‚Ğ°Ñ†Ğ¸Ğ¾Ğ½Ğ½Ğ¾Ğ³Ğ¾ ..."
https://t.me/joinchat/AAAAAELXBNY-hJmGMVh4SA,Ğ”Ğ»Ñ Ğ´ÑƒĞ¼Ğ°ÑÑ‰Ğ¸Ñ… Ğ»ÑĞ´ĞµĞ¹ â˜•ï¸ Ğ§Ğ°Ñ‚: @chatSherlock ĞœĞ°Ğ³Ğ°Ğ·Ğ¸Ğ½: @sherlockshop Ğ¡Ğ¾Ñ‚Ñ€ÑƒĞ´Ğ½Ğ¸Ñ‡ĞµÑÑ‚Ğ²Ğ¾: @SherIockHolms ĞœĞµĞ½ĞµĞ´Ğ¶ĞµÑ€: @GriWan
https://t.me/joinchat/DtiPIQ3I2I6q89DGaLowBg,"Ğ§Ğ°Ñ‚ Ğ´Ğ»Ñ Ñ‚Ğ²Ğ¾Ñ€Ñ‡ĞµÑĞºĞ¸Ñ…! ĞšĞ°Ğ¶Ğ´Ğ¾Ğµ ÑƒÑ‚Ñ€Ğ¾ Ğ¿ÑƒĞ±Ğ»Ğ¸ĞºÑƒĞµĞ¼ Ğ·Ğ°Ğ´Ğ°Ğ½Ğ¸Ñ Ğ¸Ğ· ĞºĞ½Ğ¸Ğ³ ĞœĞ˜Ğ¤Ğ°, Ğ´ĞµĞ»Ğ¸Ğ¼ÑÑ Ğ²Ğ´Ğ¾Ñ…Ğ½Ğ¾Ğ²ĞµĞ½Ğ¸ĞµĞ¼ Ğ¸ ..."
https://t.me/joinchat/IFoU4EnxgQAtz3qVzAvVvw,You are invited to the group Eroiy: Official Group. Click above to join.
https://t.me/joinchat/AAAAAELr5U7s3di0ztlAuw,"Ğ¢Ğ²Ğ¾Ğ¹ Ñ‚ĞµĞ¼Ğ½Ñ‹Ğ¹ ÑĞ¿Ñ€Ğ°Ğ²Ğ¾Ñ‡Ğ½Ğ¸Ğº. Ğ’ĞµÑÑŒ Ğ¼Ğ°Ñ‚ĞµÑ€Ğ¸Ğ°Ğ», Ğ¿Ñ€ĞµĞ´ÑÑ‚Ğ°Ğ²Ğ»ĞµĞ½Ğ½Ñ‹Ğ¹ Ğ½Ğ° ĞºĞ°Ğ½Ğ°Ğ»Ğµ, ÑĞ²Ğ»ÑĞµÑ‚ÑÑ Ğ¾Ğ·Ğ½Ğ°ĞºĞ¾Ğ¼Ğ¸Ñ‚ĞµĞ»ÑŒĞ½Ñ‹Ğ¼."
https://t.me/aelfblockchain,"If you have Telegram, you can view and join Ã¦lf (ELF) A Decentralized Cloud Computing Blockchain Network right away."
https://t.me/joinchat/AAAAAEQpIQeRdMmovEbH-Q,ğŸ¬ Ø¨Ø±ÙˆØ²ØªØ±ÛŒÙ† Ù…Ø±Ø¬Ø¹ Ø¯Ø§Ù†Ù„ÙˆØ¯ Ø±Ø§ÛŒÚ¯Ø§Ù† ÙÛŒÙ„Ù… Ùˆâ€Œ Ø³Ø±ÛŒØ§Ù„ Ø¯Ø± Ø§ÛŒØ±Ø§Ù† ğŸ”¸ Ø¹Ú©Ø³ ØŒ ØªÛŒØ²Ø± Ùˆ Ø§Ø·Ù„Ø§Ø¹Ø§Øª ÙÛŒÙ„Ù… Ù‡Ø§ÛŒ ...
https://t.me/joinchat/Fqw4igkkVmYtj--ZVi-QcA,Unofficial Telegram chatroom ICON Official Website: https://icon.foundation Join Telegram chat (English) : https://t.me/joinchat/Fqw4igkkVmYtj--ZVi-QcA
https://t.me/joinchat/Geu7vA2LFdDv5RqxFYqCtw,Our Only Official Website is GoNetwork.co. We havenâ€™t started any sale at all. Please do not accept any offer from any pm or email. For private presale inquires ...
https://t.me/joinchat/B3UENkIW3R9A6v_4KnpOZQ,You are invited to the group SocialMedia.Market EN. Click above to join.
https://t.me/joinchat/FCypMg1X2-BHKBbMSy82qA,ĞœĞµĞ¶Ğ´ÑƒĞ½Ğ°Ñ€Ğ¾Ğ´Ğ½Ğ°Ñ Ğ¸ Ğ½Ğ°Ğ´Ğ½Ğ°Ñ†Ğ¸Ğ¾Ğ½Ğ°Ğ»ÑŒĞ½Ğ°Ñ Ğ¾Ğ±Ñ€Ğ°Ğ·Ğ¾Ğ²Ğ°Ñ‚ĞµĞ»ÑŒĞ½Ğ°Ñ Ğ±Ğ¸Ğ·Ğ½ĞµÑ Ğ¿Ğ»Ğ°Ñ‚Ñ„Ğ¾Ñ€Ğ¼Ğ°. ĞĞºĞ°Ğ´ĞµĞ¼Ğ¸Ñ ...
https://t.me/joinchat/GFVgz0G-oVXOIJGfFYD-vg,You are invited to the group Neblio - Official Channel. Click above to join.
https://t.me/joinchat/AAAAAEKC7XrQ_Hg4GFXysA,"Ğ”Ğ»Ñ Ğ²ÑĞµÑ…, ĞºÑ‚Ğ¾ Ğ½Ğµ Ñ€Ğ¾Ğ²Ğ½Ğ¾ Ğ´Ñ‹ÑˆĞ¸Ñ‚ Ğº ÑÑ‚Ğ¸Ğ¼ Ğ²ĞµĞ»Ğ¸Ñ‡ĞµÑÑ‚Ğ²ĞµĞ½Ğ½Ñ‹Ğ¼ ÑĞ¾Ğ·Ğ´Ğ°Ğ½Ğ¸ÑĞ¼. Ğ¡Ğ°Ğ¼Ğ°Ñ Ğ±Ğ¾Ğ»ÑŒÑˆĞ°Ñ ĞºĞ¾Ğ»Ğ»ĞµĞºÑ†Ğ¸Ñ ..."
https://t.me/joinchat/AAAAAEuoSh2gOx2eoTeAvQ,"vulkantopgold.ru ĞĞ°ĞºĞ°Ğ¶ĞµĞ¼ Ğ²ÑƒĞ»ĞºĞ°Ğ½ Ğ²Ğ¼ĞµÑÑ‚Ğµ! Ğ¡Ñ…ĞµĞ¼Ñ‹, ĞºĞ¾Ñ‚Ğ¾Ñ€Ñ‹Ğµ Ñ Ñ€Ğ°Ğ·Ñ€Ğ°Ğ±Ğ¾Ñ‚Ğ°Ğ» ÑĞ°Ğ¼, Ğ¸ÑĞ¿Ğ¾Ğ»ÑŒĞ·ÑƒÑ Ğ±Ğ°Ğ³Ğ¸ Ğ² Ğ¿Ñ€Ğ¾ĞµĞºÑ‚Ğµ ..."
https://t.me/joinchat/AAAAAE5jFJy9pcFu8EODXA,_____ ğŸ“½ ï·½ ğŸ“½ _____ ğŸ“¹ Ø§Ø³ Ù…ÙˆÙˆÛŒ Ø¨Ø±ÙˆØ²ØªØ±ÛŒÙ† Ù…Ø±Ø¬Ø¹ ÙÛŒÙ„Ù… Ùˆ Ø³Ø±ÛŒØ§Ù„ ğŸ¬ Ø¨Ø§ Ø§Ø±Ø³Ø§Ù„ Ù¾Ø³Øª Ù‡Ø§ØŒ Ø¨Ù‡ Ø¢Ø´Ù†Ø§ÛŒÛŒ Ø³Ø§ÛŒØ± Ø§ÙØ±Ø§Ø¯ ...
https://t.me/joinchat/HNu6p1DofDhBw1HHPdzY8A,"ĞšÑ€Ğ¸Ğ¿Ñ‚Ğ° , Ğ¾Ğ±Ñ‰ĞµĞ½Ğ¸Ğµ Ğ¿Ğ¾ ĞºÑ€Ğ¸Ğ¿Ñ‚Ğµ , Ğ¸Ğ½Ñ„Ğ¾Ñ€Ğ¼Ğ°Ñ†Ğ¸Ñ , Ñ†ĞµĞ½Ğ½Ğ° Ğ¸Ğ½Ñ„Ğ¾Ñ€Ğ¼Ğ°Ñ†Ğ¸Ñ Ğ¸ Ğ¿Ğ¾Ğ»ĞµĞ·Ğ½Ñ‹Ğµ ÑĞ¾Ğ²ĞµÑ‚Ñ‹"
https://t.me/joinchat/FDjS9EJHnwhynuK16GK8HQ,The official Telegram channel of Luckbox. English only please. Spammers will be banned instantly.
https://t.me/rusmmchat,You can view and join @rusmmchat right away.
http://t.me/joinchat/AAAAAEOzOEPpWs_SjppyzQ,Join Channel. You are invited to the group ĞšĞ‘. Click above to join.
https://t.me/joinchat/AAAAAElvBgs5Jfd2FeLl2Q,You are invited to the group Calcio Streaming Live. Click above to join.
https://t.me/joinchat/AAAAADvN8Aio_V3yQSjufg,Ø¯Ø§Ù†Ù„ÙˆØ¯ Ø¢Ù‡Ù†Ú¯ Ø¬Ø¯ÛŒØ¯ Ø§ÛŒØ±Ø§Ù†ÛŒ Ø§Ø² ØªÙ„Ú¯Ø±Ø§Ù… ØªØ§Ù¾ØµØ¯Ø§ Ø¨Ø§ Ú©ÛŒÙÛŒØª Ø§ÙˆØ±Ø¬ÛŒÙ†Ø§Ù„ - Ø¯Ø§Ù†Ù„ÙˆØ¯ Ø¬Ø¯ÛŒØ¯ØªØ±ÛŒÙ† ÙÛŒÙ„Ù… Ù‡Ø§ÛŒ ...
https://t.me/joinchat/AAAAAEPxHt22M8fGKn4XLQ,You are invited to the group genius of ptc. Click above to join.
https://t.me/joinchat/GJX5OQ3GyUf4vWMe8Kbg7w,Ğ¡ÑÑ‹Ğ»ĞºĞ° Ğ½Ğ° Ğ²Ğ¸Ğ´ĞµĞ¾ ĞºĞ°Ğº Ğ¸ÑĞ¿Ğ¾Ğ»ÑŒĞ·Ğ¾Ğ²Ğ°Ñ‚ÑŒ Ñ‚Ğ°Ğ±Ğ»Ğ¸Ñ†Ñƒ https://youtu.be/2e8nGGRRpOY Ğ¦ĞµĞ½Ğ° Ğ´Ğ¾ÑÑ‚ÑƒĞ¿Ğ° Ğº Ñ‚Ğ°Ğ±Ğ»Ğ¸Ñ†Ğµ 100$ Ğ² Ğ¼ĞµÑÑÑ† ...
https://t.me/joinchat/A0AMfBGdNAw-izU1FJ2oNA,You are invited to the group ĞĞµÑĞºÑƒÑ‡Ğ½Ñ‹Ğµ Ñ„Ğ¸Ğ½Ğ°Ğ½ÑÑ‹ (Ñ‡Ğ°Ñ‚). Click above to join.
https://t.me/joinchat/F5fglQ7DVPV2wi4JK8Mw9A,"Trade the Crypto Market, with One-Click. Website: www.hedge-crypto.com Twitter: @hedgetoken LinkedIn: hedge-token Facebook: â€¦"
https://t.me/joinchat/EneBw0RALAOjkSL2mdt2Gw,You are invited to the group GRAFT Blockchain. Click above to join.
https://t.me/joinchat/AAAAAEKG9pNup0_kyPoGUQ,Ù¾ÛŒØ²Ø§ Ú©Ù„ÛŒÚ©: Ú©Ø³Ø¨ Ø¯Ø±Ø§Ù…Ø¯ Ø§Ù†Ù„Ø§ÛŒÙ† Ø§Ø² ØªØ¨Ù„ÛŒØºØ§Øª ... You are invited to the group Ú©Ù„ÛŒÚ© Ù¾ÛŒØ²Ø§. Click above to join.
https://t.me/gaidarforum,"If you have Telegram, you can view and join Ğ“Ğ°Ğ¹Ğ´Ğ°Ñ€Ğ¾Ğ²ÑĞºĞ¸Ğ¹ Ñ„Ğ¾Ñ€ÑƒĞ¼ right away."
https://t.me/joinchat/DqRTeBHA8KY5_vwKBj3JzA,You are invited to the group ProfitTrailer í•œêµ­ ì±„ë„. Click above to join.
https://t.me/joinchat/AAAAAFEzXu36dSAZShagWA,"Ú¯Ø±ÙˆÙ‡ Ø³Ú©Ø³ÛŒ ØªÙ„Ú¯Ø±Ø§Ù… , Ø¨Ù‡ØªØ±ÛŒÙ† Ú¯Ø±ÙˆÙ‡ Ú†Øª ØªÙ„Ú¯Ø±Ø§Ù… Ø³Ú©Ø³ÛŒ , Ú†Øª Ø³Ú©Ø³ÛŒ , Ú¯Ø±ÙˆÙ‡ ÙÛŒÙ„Ù… Ø³Ú©Ø³ÛŒ , Ú¯Ø±ÙˆÙ‡ Ø³Ú©Ø³ÛŒ Ø¹Ú©Ø³ Ù„Ø®Øª ..."
https://t.me/joinchat/E6YjkQ2yQwBk9WaP0q-zMQ,You are invited to the group Rentberry ICO. Click above to join.
https://t.me/joinchat/G0dL306Ycz-JEW98b2IJnA,Welcome to Bitfinite! Our community aims to create a cryptoverse for endless wealth Generation. (ENG)Telegram: https://t.me/joinchat/G0dL306Ycz-JEW98b2IJnA Twitter ...
https://t.me/joinchat/FDjS9EJHnwhynuK16GK8HQ,The official Telegram channel of Luckbox. English only please. Spammers will be banned instantly.
https://t.me/joinchat/D7Dm7hHfun2iaXnM3KGA9g,findporn.me and findav.org official group. ... You are invited to the group findporn. Click above to join.
https://t.me/joinchat/AAAAAENLwA10IZausctSpw,Ø§Ú¯Ø± Ø¨Ø±Ø§ÛŒ Ù‡Ø± ÙÛŒÙ„Ù…ÛŒ Ú©Ù‡ Ø§Ù…Ø¯ÛŒØ¯ Ù†Ø¨ÙˆØ¯ Ø¨Ù‡ Ø§ÛŒØ¯ÛŒ Ø²ÛŒØ± Ù¾ÛŒØ§Ù… Ø¨Ø¯ÛŒØ¯ ÙÙˆØ±ÛŒ Ù…ÛŒØ°Ø§Ø±ÛŒÙ… . . . Ø¯Ø±Ø®ÙˆØ§Ø³Øª ÙÛŒÙ„Ù… : @solesad21 ...
https://t.me/gaidarforum,"If you have Telegram, you can view and join Ğ“Ğ°Ğ¹Ğ´Ğ°Ñ€Ğ¾Ğ²ÑĞºĞ¸Ğ¹ Ñ„Ğ¾Ñ€ÑƒĞ¼ right away."
https://t.me/joinchat/AAAAAFMZeUk87gt8IKU-gg,Ğ’ Ñ‚ĞµÑ‡ĞµĞ½Ğ¸Ğµ Ğ³Ğ¾Ğ´Ğ° Ğ¼Ñ‹ Ğ±ÑƒĞ´ĞµĞ¼ Ğ¿ÑƒĞ±Ğ»Ğ¸ĞºĞ¾Ğ²Ğ°Ñ‚ÑŒ ÑÑÑ‹Ğ»ĞºĞ¸ Ğ½Ğ° ÑÑ‚Ğ°Ñ‚ÑŒĞ¸ Ğ¾ Ğ¿Ñ€Ğ°ĞºÑ‚Ğ¸ĞºĞ°Ñ… Ñ‚ĞµÑÑ‚Ğ¸Ñ€Ğ¾Ğ²Ğ°Ğ½Ğ¸Ñ Ğ¡ĞšĞ‘ ĞšĞ¾Ğ½Ñ‚ÑƒÑ€Ğ° ...
https://t.me/joinchat/AAAAAFEzXu36dSAZShagWA,"Ú¯Ø±ÙˆÙ‡ Ø³Ú©Ø³ÛŒ ØªÙ„Ú¯Ø±Ø§Ù… , Ø¨Ù‡ØªØ±ÛŒÙ† Ú¯Ø±ÙˆÙ‡ Ú†Øª ØªÙ„Ú¯Ø±Ø§Ù… Ø³Ú©Ø³ÛŒ , Ú†Øª Ø³Ú©Ø³ÛŒ , Ú¯Ø±ÙˆÙ‡ ÙÛŒÙ„Ù… Ø³Ú©Ø³ÛŒ , Ú¯Ø±ÙˆÙ‡ Ø³Ú©Ø³ÛŒ Ø¹Ú©Ø³ Ù„Ø®Øª ..."
https://t.me/joinchat/AAAAAEKG9pNup0_kyPoGUQ,Ù¾ÛŒØ²Ø§ Ú©Ù„ÛŒÚ©: Ú©Ø³Ø¨ Ø¯Ø±Ø§Ù…Ø¯ Ø§Ù†Ù„Ø§ÛŒÙ† Ø§Ø² ØªØ¨Ù„ÛŒØºØ§Øª ... You are invited to the group Ú©Ù„ÛŒÚ© Ù¾ÛŒØ²Ø§. Click above to join.
https://t.me/joinchat/BZ1bIzvX982D4GAtgN0ECA,ğŸ‘‡ğŸ‘‡ ØªØ¹Ø±ÙÙ‡ ØªØ¨Ù„ÛŒØºØ§Øª ğŸ”´ğŸ”´ @tikfilmads Tikfilm.net ØªÛŒÚ© ÙÛŒÙ„Ù…:Ø¯Ø§Ù†Ù„ÙˆØ¯ ÙÛŒÙ„Ù… ØŒ Ø³Ø±ÛŒØ§Ù„ Ùˆ Ø§Ù†ÛŒÙ…ÛŒØ´Ù† Ø¬Ø¯ÛŒØ¯
https://t.me/joinchat/BDruITuxfHW3k0y4FnMDxQ,Ú©Ø§Ù†Ø§Ù„ Ø±Ø³Ù…ÛŒ Ø´ÛŒØ±Ø§Ø² Ø³Ø§Ù†Ú¯ | Ø¯Ø§Ù†Ù„ÙˆØ¯ Ø¢Ù‡Ù†Ú¯ Ø¬Ø¯ÛŒØ¯ Ø±Ø§Ù‡ Ù‡Ø§ÛŒ Ø§Ø±ØªØ¨Ø§Ø·ÛŒ : ID: @RezaHonarmand ØªØ¨Ù„ÛŒØºØ§Øª ğŸ‘‡ ID: @Amir_HsIn Website ...
https://t.me/joinchat/DqRTeBHA8KY5_vwKBj3JzA,You are invited to the group ProfitTrailer í•œêµ­ ì±„ë„. Click above to join.
https://t.me/joinchat/GdlCOw07yJbs2Pt1H8_zrg,The first AI blockchain platform for savings ... You are invited to the group Peculium. Click above to join.
https://t.me/joinchat/GjkGkw7IfwUVuPiWxctD4g,www.spectre.ai ... You are invited to the group Spectre. Click above to join.
https://t.me/joinchat/F_3VmEOalqkahP3H-DbKBw,You are invited to the group TEU token group. Click above to join.
https://t.me/joinchat/AAAAAEQtuuavg8mQyrryMA,"You are invited to the group Ğ“Ğ¾Ñ€Ğ¾Ğ´ Ğ³Ñ€ĞµÑ…Ğ¾Ğ². ğŸ”ğŸ”ğŸ”ğŸ”ğŸ”ğŸ”ğŸ”ğŸ”ğŸ”ğŸ” Ğ­Ñ€Ğ¾Ñ‚Ğ¸ĞºĞ°, Ğ³Ğ¾Ğ»Ñ‹Ğµ, Ğ´ĞµĞ²ÑƒÑˆĞºĞ¸, ÑˆĞºĞ¾Ğ»ÑŒĞ½Ğ¸Ñ†Ñ‹ ..."
https://t.me/joinchat/AAAAAEFydafG4tAl35sD-w,You are invited to the group ğŸ’²FX SIGNAL TEAMğŸ’². Click above to join.
https://t.me/joinchat/Gop-90DIMiPF7N_EtvFzjA,You are invited to the group Official Power Ledger Telegram. Click above to join.
https://t.me/joinchat/EgG8-w8v1BecMwh8UBG_Tw,We're here to help and answer your questions about Refereum.com. AVOID SCAMS: We'll never ask for ETH here.
https://t.me/joinchat/AAAAAELQAc1vKST8oZwVxg,Ğ’Ñ‹Ğ³Ğ¾Ğ´Ğ½Ğ¾Ğµ ÑƒĞ¿Ñ€Ğ°Ğ²Ğ»ĞµĞ½Ğ¸Ğµ ĞºĞ°Ğ¿Ğ¸Ñ‚Ğ°Ğ»Ğ¾Ğ¼. Ğ˜Ğ½Ğ²ĞµÑÑ‚Ğ¸Ñ€Ğ¾Ğ²Ğ°Ğ½Ğ¸Ğµ https://goo.gl/S3yhVj. ĞĞ°Ñˆ Ğ¿Ğ¾Ñ€Ñ‚Ñ„ĞµĞ»ÑŒ https://goo.gl/anzr4S. Ğ”Ğ»Ñ ...
https://t.me/joinchat/AAAAAE9-8doF6L2xjC5Wtg,Ø¯Ø§Ù†Ù„ÙˆØ¯ Ø¢Ù‡Ù†Ú¯ Ùˆ ÙÛŒÙ„Ù… Ùˆ Ø³Ø±ÛŒØ§Ù„ Ø±Ø§ÛŒÚ¯Ø§Ù† ÙØ§Ù‚Ø¯ ØªØ¨Ù„ÛŒØºØ§ØªÛŒÙ… â€” Ø´Ø±Ø§ÛŒØ· Ù¾Ø®Ø´ Ùˆ ØªØ¨Ù„ÛŒØºØ§Øª Ø´Ù…Ø§ : @a2mads Ù¾Ø§Ø³Ø®Ú¯ÙˆÛŒÛŒ ...
https://t.me/joinchat/AAAAAEPl9VLv6SiauOft-g,#Ú©Ø§Ù†Ø§Ù„_Ø±Ù‚Øµ_Ø§ÛŒØ±Ø§Ù†ÛŒ_Ø®Ø§Ø±Ø¬ÛŒ_Ø¬Ø¯ÛŒØ¯ #Ø§Ù‡Ù†Ú¯_Ù‡Ø§ÛŒ_Ø¬Ø¯ÛŒØ¯_Ù‚Ø¯ÛŒÙ…ÛŒ_Ø§ÛŒØ±Ø§Ù†ÛŒ_Ø´Ø§Ø¯ Ú©Ø§Ù†Ø§Ù„ Ù¾ÙˆØ´Ø§Ú© Ø²Ù†Ø§Ù†Ù…ÙˆÙ†ğŸ‘‡ ğŸ†” @vishka83 ...
https://t.me/FromBerek,"If you have Telegram, you can view and join ĞĞŸĞ«Ğ¢ Ğ Ğ•ĞšĞ›ĞĞœĞ« Ğ’ ĞŸĞĞ‘Ğ›Ğ˜ĞšĞĞ¥, Ğ£ Ğ‘Ğ›ĞĞ“Ğ•Ğ ĞĞ’ right away."
https://t.me/joinchat/AAAAAECuNVaFwuF18h3oXg,http://darkstore.biz/ ĞŸĞ¾Ğ¿Ğ¾Ğ»Ğ½ĞµĞ½Ğ¸Ñ Ğ¼Ğ°Ğ³Ğ°Ğ·Ğ¸Ğ½Ğ° ĞµĞ¶ĞµĞ´Ğ½ĞµĞ²Ğ½Ñ‹Ğµ ( Ğ½ĞµÑĞºĞ¾Ğ»ÑŒĞºĞ¾ Ñ€Ğ°Ğ· Ğ² ÑÑƒÑ‚ĞºĞ¸)
https://t.me/joinchat/AAAAAD-WrWqkurFXw2Dzbg,Ğ¢Ğ« Ğ“ĞĞ¢ĞĞ’ Ğ¡Ğ¢ĞĞ¢Ğ¬ Ğ‘ĞĞ“ĞĞœ Ğ’ ĞŸĞĞ¡Ğ¢Ğ•Ğ›Ğ˜? Ğ¢Ğ•ĞŸĞ•Ğ Ğ¬ Ğ¢Ğ’ĞĞ¯ Ğ”Ğ•Ğ’Ğ£Ğ¨ĞšĞ Ğ˜Ğ›Ğ˜ Ğ”ĞĞ–Ğ• Ğ¡Ğ›Ğ£Ğ§ĞĞ™ĞĞĞ¯ ĞŸĞĞ Ğ¢ĞĞĞ Ğ¨Ğ Ğ‘Ğ£Ğ”Ğ•Ğ¢ ...
https://t.me/joinchat/AAAAAEA94EoKk-N1HWNXxg,Ú©Ø§Ù†Ø§Ù„ Ø±Ø³Ù…ÛŒ Ø³Ø§ÛŒØª Ø¬Ù†Ø§Ø¨ Ù…ÙˆØ²ÛŒÚ© ØªØ¨Ù„ÛŒØºØ§Øª ØŒ Ù¾Ø®Ø´ Ø¢Ù‡Ù†Ú¯ ( Ø¨Ø§ ØªØ¹Ø±ÙÙ‡ ) : @nicmusicads Ø§ÛŒÙ†Ø³ØªØ§Ú¯Ø±Ø§Ù… : https://www.instagram ...
https://t.me/joinchat/AAAAAE3IDuX7Hxqqpo7Qfg,Tutte le partite dellâ€™Europa League in diretta live streaming
https://t.me/joinchat/AAAAAEGbeCkEhQB5l6n0mQ,You are invited to the group New Land. Click above to join.
https://t.me/joinchat/AAAAADv0TJ2ADRFMq7-SEA,Ú©Ø§Ù†Ø§Ù„ Ø±Ø³Ù…ÛŒ Ø³Ø§ÛŒØª Ù…Ø®ØªÙ„Ù Ù…ÙˆØ²ÛŒÚ©ğŸ¶ Ù…Ø­Ø¨ÙˆØ¨ ØªØ±ÛŒÙ† Ùˆ Ù¾Ø±Ø¨Ø§Ø²Ø¯ÙŠØ¯ØªØ±ÙŠÙ† ÙƒØ§Ù†Ø§Ù„ Ù…ÙˆØ²ÙŠÙƒ Ø¯Ø± Ø§ÙŠØ±Ø§Ù†ğŸ“± ğŸ’¥Ø´Ø±Ø§ÙŠØ· Ø¬Ù‡Øª ...
http://t.me/joinchat/AAAAADvEktaWOJ0eLF4I-Q,"Â«Ø¨Ù‡ Ù†Ø§Ù… Ø®Ø¯Ø§Â» Ú©Ø§Ù†Ø§Ù„ Ø±Ø³Ù…ÛŒ Ø§Ù‚ØªØµØ§Ø¯Ù†ÛŒÙˆØ²ØŒ ""Ø³Ø§ÛŒØª Ù…Ø±Ø¬Ø¹ Ø§Ù‚ØªØµØ§Ø¯ Ø§ÛŒØ±Ø§Ù†"" Ù‡Ù…Ø§Ù‡Ù†Ú¯ÛŒ ØªØ¨Ù„ÛŒØºØ§Øª:ğŸ‘‡ @EghtesadNews_Ads ..."
https://t.me/joinchat/BA0ARkOA92RV7dNxwfKmng,World's first multi-asset wallet and personal financial passport.
https://t.me/joinchat/AAAAAD-_VHx2UMjUlQYQPg,"Las mejores ofertas, chollos y gangas de internet en www.nolodejesescapar.com Tienes alguna duda o consulta puedes encontrarnos en: info@nolodejesescapar.com"
https://t.me/joinchat/GPdmRUOvARxPL6gLoPP1Xg,You are invited to the group Sam's Media Exchange Depot. Click above to join.
https://t.me/joinchat/AAAAAEfNeMmqf3lSJ1hv0Q,"Ğ ĞµĞ±ÑÑ‚Ğ°, Ñ ÑƒÑÑ‚Ğ°Ğ» Ğ¾Ñ‚ ĞºĞ»ĞµĞ²ĞµÑ‚Ñ‹ Ğ¸ Ğ¾ÑĞºĞ¾Ñ€Ğ±Ğ»ĞµĞ½Ğ¸Ğ¹ Ğ² ÑĞ²Ğ¾Ğ¹ Ğ°Ğ´Ñ€ĞµÑ. Ğ’Ñ‹ÑĞ»ÑƒÑˆĞ¸Ğ²Ğ°Ñ‚ÑŒ Ğ²ÑĞµ ÑÑ‚Ğ¾ Ğ³Ğ¾Ğ²Ğ½Ğ¾ Ñ Ğ±Ğ¾Ğ»ÑŒÑˆĞµ Ğ½Ğµ ..."
https://t.me/joinchat/GIjGvkK7dhnO8gapCPfqew,https://t.me/joinchat/GW8P8EK7dhkzOwFmxnuwqA Discussions for TRON fans! Join us to become a part of our awesome community! Announcements here: @TRONannouncements
https://t.me/joinchat/B-YJaQ_ULpPKAzPHFPUa-Q,You are invited to the group SP8DE_OFFICIAL. Click above to join.
https://t.me/joinchat/AAAAAEKvhii4UiW1m2Bqmg,Join Channel. You are invited to the group 1Musix. Click above to join.
https://t.me/joinchat/AAAAAEOWAuMSUjGDmkfkYA,"Ğ—Ğ°Ñ…Ğ¾Ğ´Ğ¸, Ğ¿Ñ€Ğ¸ÑĞ°Ğ¶Ğ¸Ğ²Ğ°Ğ¹ÑÑ, Ñ€Ğ°ÑÑ‡ĞµÑ…Ğ»ÑĞ¹ÑÑ Ğ¸ Ğ½Ğ°ÑĞ»Ğ°Ğ¶Ğ´Ğ°Ğ¹ÑÑ! ĞœĞµĞ¼Ñ‹ Ğ´Ğ»Ñ ÑĞ»Ğ¸Ñ‚ Ğ²ÑĞµÑ… Ğ¼Ğ°ÑÑ‚ĞµĞ¹ ..."
https://t.me/joinchat/BDruITuxfHW3k0y4FnMDxQ,Ú©Ø§Ù†Ø§Ù„ Ø±Ø³Ù…ÛŒ Ø´ÛŒØ±Ø§Ø² Ø³Ø§Ù†Ú¯ | Ø¯Ø§Ù†Ù„ÙˆØ¯ Ø¢Ù‡Ù†Ú¯ Ø¬Ø¯ÛŒØ¯ Ø±Ø§Ù‡ Ù‡Ø§ÛŒ Ø§Ø±ØªØ¨Ø§Ø·ÛŒ : ID: @RezaHonarmand ØªØ¨Ù„ÛŒØºØ§Øª ğŸ‘‡ ID: @Amir_HsIn Website ...
https://t.me/joinchat/AAAAAEDsaumWvogXNKFPnA,Ø¢Ø¯Ø±Ø³ Ø³Ø§ÛŒØª: www.UPTVz.co Ø§Ø¯Ø±Ø³ Ú©Ø§Ù†Ø§Ù„: @UPTVco Ù…Ø¯ÛŒØ± Ø³Ø§ÛŒØª : @UPTVadmin Ø¨Ø±Ù†Ø§Ù…Ù‡ Ø¯Ø§Ù†Ù„ÙˆØ¯ Ù…Ù†ÛŒØ¬Ø± Ø­Ø±ÙÙ‡ Ø§ÛŒ Ø§Ù†Ø¯Ø±ÙˆÛŒØ¯: https ...
https://t.me/joinchat/AAAAAERLYF7E9cXmhsZA1Q,ğŸ‡®ğŸ‡· Ù…Ø¬Ù„Ù‡ Ø®Ø¨Ø±ÛŒ ØªÙØ±ÛŒØ­ÛŒ Ø§Ù…Ø±ÙˆØ² Ø§ÛŒØ±Ø§Ù† Ø§Ø±ØªØ¨Ø§Ø· Ø¨Ø§ Ù…Ø§ : @emrooziran_ads . . . . . . . . . . #LeaveChannel
https://t.me/joinchat/FPU5vRGhiBjfLcQogatv3g,You are invited to the group QUOINE: QASH - Liquidity for C. Click above to join.
https://t.me/joinchat/AAAAAEF1bQya2s7k2Y-RgQ,Ø¯Ø±ÛŒØ§ÙØª Ø¬Ø¯ÛŒØ¯ØªØ±ÛŒÙ† Ø¨Ø±Ù†Ø§Ù…Ù‡ Ù‡Ø§ Ùˆ Ø¨Ø§Ø²ÛŒ Ù‡Ø§ÛŒ Ø§Ù†Ø¯Ø±ÙˆÛŒØ¯ Ùˆ ÙˆÛŒÙ†Ø¯ÙˆØ² ØªØ¨Ù„ÛŒØºØ§Øª : @mob4uads
https://t.me/joinchat/AAAAAED19BcZGYXR9A2k6w,"Canal donde encontraras las mejores y mas interesantes ofertas, chollos de moviles. @ChinaBay ( Canales exclusivos a un modelo ) @Chinabay_tablets @Chinabay_spain ..."
https://t.me/joinchat/AAAAAEMiscKq14Ast0ggBw,You are invited to the group Ğ¥ÑĞ½Ğº ĞœÑƒĞ´Ğ¸ [18+]. Click above to join.
https://t.me/joinchat/GKMQ1kOQSdXVZpN1Rygcdw,The official Po.et telegram channel. Follow us on twitter: https://twitter.com/_poetproject Visit our website: https: ... Click above to join. ...
https://t.me/joinchat/FMqUpg1_vED9MSDJPPcFkg,You are invited to the group Kucoin Exchange. Click above to join.
https://t.me/joinchat/GCeNfxAVLy6bo6VNR3a9hg,Welcome to TraDoveâ€™s BBCoin ICO Telegram Group! https://BBCoin.tradove.com Chat Rules: 1. Keep the discussion in English 2. No spam or promotions 3. Keep the ...
https://t.me/joinchat/CbaCNAwlT_j_yrAaiP7O6g,Official channel of BOON | BoonTech Token - An Incentivized Blockchain Based Freelance Marketplace Communities. https://t.me/booncoinalerts https://boon.tech https ...
https://t.me/joinchat/AAAAAEUdbtDOYSBEsHa7_Q,ÙÛŒÙ„Ù… Ø³Ú©30Ø¯Ø± ØªÙ„Ú¯Ø±Ø§Ù… Ø®Ø§Ø±Ø¬ÛŒ ÙÛŒÙ„Ù… Ø¨ÛŒ Ø§Ø¯Ø¨ÛŒ Ø²Ù† Ùˆ Ø´ÙˆÙ‡Ø± ÙÛŒÙ„Ù… Ù‡Ø§ÛŒ Ø¨ÛŒ Ø­Ø¬Ø§Ø¨ Ø¯ÙˆØ±Ø¨ÛŒÙ† Ù…Ø®ÙÛŒ Ø¨ÛŒ ØªØ±Ø¨ÛŒØªÛŒ Ú©Ø§Ù†Ø§Ù„ ...
https://t.me/joinchat/GzPNJhCuW5Lw862j_qJy3g,You are invited to the group Ethereum GOLD ETG. Click above to join.
https://t.me/joinchat/AAAAAD5Qm5-x5lQwnyd4dg,Ú©Ø§Ù†Ø§Ù„ Ø±Ø³Ù…ÛŒ Ø§Ù†Ø¯Ø±ÙˆÛŒØ¯ÛŒÙ†Ø§ Ø› Ø³ÙˆÙ…ÛŒÙ† Ø³Ø§ÛŒØª Ù‚Ø¯ÛŒÙ…ÛŒ Ø§Ù†Ø¯Ø±ÙˆÛŒØ¯ Ø§ÛŒØ±Ø§Ù† http://androidina.net Ø¬Ø³ØªØ¬ÙˆÛŒ Ù¾ÛŒØ´Ø±ÙØªÙ‡ Ø§Ø®ØªØµØ§ØµÛŒ ...
https://t.me/joinchat/AAAAAEKRnFCapgRykArGow,Please avoid asking for best coaching for that u should check blog.Oureducation.in if u want to have review of Upsc notes then Upsc.Oureducation.in and if u have to ...
https://t.me/IHTcoin,"If you have Telegram, you can view and join IHT Coin Public Group right away."
https://t.me/joinchat/BGHNYEBh-QRvnTRThvMh_g,ğŸ–¥ ÙˆØ¨ Ø³Ø§ÛŒØª : www.tgju.org ğŸ“± Ø§Ù¾Ù„ÛŒÚ©ÛŒØ´Ù† Ù‡Ø§ : app.tgju.org ğŸ”¸ Ø±Ø¨Ø§Øª ØªÙ„Ú¯Ø±Ø§Ù… : goo.gl/RM65Av ğŸ”¸ Ú¯Ø±ÙˆÙ‡ ØªÙ„Ú¯Ø±Ø§Ù… : goo.gl/JroXnb ...
https://t.me/joinchat/HveypkdU1-wmyDHb8gddSA,"Welcome to Forex Live's Telegram group. Traders meet here to get news, share views, ask questions, and exchange ideas. Sharing commercial links or overtly promoting ..."
https://t.me/joinchat/AAAAAFE9afMIiQ6Lj5is2g,Join Channel. You are invited to the group Musicbambo. Click above to join.
https://t.me/joinchat/EHxZlEAyXIU7JxzE9Ibkjg,Ø¨Ù‡ Ú¯Ø±ÙˆÙ‡ Ú¯Ù¾â™¡ Ø®ÙˆØ¯Ù…ÙˆÙ†ÛŒ â™¡ Ø®ÙˆØ´ Ø§Ù…Ø¯ÛŒØ¯ ğŸŒº ğŸ”¸ Ù¾ÛŒ ÙˆÛŒ = Ø¨Ù„Ø§Ú© ğŸ“› ğŸ”¹Ù¾Ø³ØªØŒ Ú†Ø§Ù„Ø´ØŒØ¹Ú©Ø³ Ùˆ Ú©Ù„Ù…Ù‡ ØºÛŒØ± Ø§Ø®Ù„Ø§Ù‚ÛŒ ...
https://t.me/joinchat/Bvx800IXuCoe-QGoLXoVlQ,You are invited to the group Paragon Official Chat. Click above to join.
https://t.me/joinchat/E7bGkULR97-OrNjgT7QaMQ,"ClassyCoin is high value token, peer to peer decentralized digital currency controlled by community. The New ERC20 token deployed on Ethereum blockchain. Fast ..."
https://t.me/joinchat/HB6JsUq7-w-y6l5DrfRV-A,Please share our telegram with others https://t.me/breadchat
https://t.me/joinchat/AAAAAEGsCk-fFkKJ_x4KAg,You are invited to the group Subscenter -×¡××‘×¡× ×˜×¨. Click above to join.
https://t.me/joinchat/G7tXnhDw8anWzgYL8bodtQ,You are invited to the group HitBTC Lost funds action plan. Click above to join.
https://t.me/joinchat/AAAAAERwfVP7693zoMcgrQ,Ú©Ø§Ù†Ø§Ù„ Ú©Ù„Ø§Ø³ ÛŒØ§Ø²Ø¯Ù‡Ù…ØŒ Ú©Ø§Ù†Ø§Ù„ ÛŒØ§Ø²Ø¯Ù‡Ù… Ø±Ø´ØªÙ‡ ØªØ¬Ø±Ø¨ÛŒ Ø§Ù†Ø³Ø§Ù†ÛŒ Ø±ÛŒØ§Ø¶ÛŒ Ú©Ù„Ø§Ø³ ÛŒØ§Ø²Ø¯Ù‡Ù…ØŒØ¯Ø§Ù†Ù„ÙˆØ¯ Ú¯Ø§Ù… Ø¨Ù‡ Ú¯Ø§Ù… Ú©Ù„Ø§Ø³ ...
https://t.me/joinchat/F2sRmw4x_mzgSHKhyH5AFQ,You are invited to the group Qlink group. Click above to join.
https://t.me/joinchat/AAAAAEAV0D_k5-hfv8cmaQ,Ğ’Ğ¾Ğ·Ğ²Ñ€Ğ°Ñ‰Ğ°Ñ Ğ´ĞµĞ½ÑŒĞ³Ğ¸ Ğ·Ğ° Ğ²Ğ°ÑˆĞ¸ Ğ·Ğ°ĞºĞ°Ğ·Ñ‹ Ğ² Ğ¸Ğ½Ñ‚ĞµÑ€Ğ½ĞµÑ‚Ğµ. Ğ˜ Ğ´ĞµĞ»Ğ°Ñ ÑÑ‚Ğ¾ Ğ·Ğ° 12-18% Ğ¾Ñ‚ ÑÑ‚Ğ¾Ğ¸Ğ¼Ğ¾ÑÑ‚Ğ¸ Ğ²Ğ°ÑˆĞµĞ³Ğ¾ Ğ·Ğ°ĞºĞ°Ğ·Ğ°.
https://t.me/joinchat/AAAAAECzt-7mxh40TsJ5qQ,Ø¢Ù…ÙˆØ²Ø´ ØªØ±Ú©ÛŒ Ø§Ø³ØªØ§Ù†Ø¨Ù€Ù€Ù€ÙˆÙ„Ù€Ù€Ù€Û’ Ø§Ø³ØªØ§Ø¯ Ø³Ù…ÛŒØ±Ø§ Ø¨ÛŒÙ€Ù€Ù€Ù€Ù€Ù€Ù€Ù€Ù€Ø§ØªÙ„Ùˆ Ø§Ø±ØªØ¨Ø§Ø·: ğŸ‘¤ @Danisman Ú©Ù„Ø§Ø³ Ù‡Ø§ÛŒ ØºÛŒØ±Ø­Ø¶ÙˆØ±ÛŒ ...
https://t.me/matrixainetwork,"If you have Telegram, you can view and join MATRIX AI Network right away."
https://t.me/joinchat/AkNxswu7EAeXnsYJVuQgSw,The Official LEXIT Telegram Group https://www.LEXIT.co Buy & sell IP or entire Startups on LEXIT's blockchain-powered Marketplace. Discover how blockchain technology ...
https://t.me/joinchat/F_38d0NlVp_oQfB0S5u1Fg,Join Group. You are invited to the group Vezt. Click above to join.
https://t.me/buhjob,"If you have Telegram, you can view and join Ğ‘ÑƒÑ….Ğ”Ğ¶Ğ¾Ğ± â€” Ğ²Ğ°ĞºĞ°Ğ½ÑĞ¸Ğ¸ Ğ´Ğ»Ñ Ğ±ÑƒÑ…Ğ³Ğ°Ğ»Ñ‚ĞµÑ€Ğ¾Ğ² right away."
https://t.me/joinchat/D7Dm7hHfun2iaXnM3KGA9g,findporn.me and findav.org official group. ... You are invited to the group findporn. Click above to join.
https://t.me/joinchat/AAAAAD8WxCT9LkLqx4G_Fw,#Ù†ÙˆØ­Ù‡_Ø®ÙˆØ§Ù† Ø³Ø§ÛŒØª : www.nohekhon.blogfa.com Ø§ÛŒÙ†Ø³ØªØ§Ú¯Ø±Ø§Ù… : instagram.com/nohekhon_com Ù¾ÛŒØ§Ù… Ø±Ø³Ø§Ù† Ø³Ø±ÙˆØ´ : sapp.ir/Nohekhon ØªØ¨Ø§Ø¯Ù„ Ùˆ ...
https://t.me/joinchat/FT1IVA8AWHiyUkU3adehxA,You are invited to the group Aurora (IDEX). Click above to join.
https://t.me/joinchat/AAAAAD9aQT3TUoociZpKCw,"Run&Roll - Ğ¶ÑƒÑ€Ğ½Ğ°Ğ» Ğ¿Ñ€Ğ¾ Ğ»ÑĞ±Ğ¸Ñ‚ĞµĞ»ÑŒÑĞºĞ¸Ğ¹ Ğ±ĞµĞ³ Ğ¸ Ñ‚Ñ€Ğ¸Ğ°Ñ‚Ğ»Ğ¾Ğ½. Ğ˜ Ğ½Ğµ Ñ‚Ğ¾Ğ»ÑŒĞºĞ¾. ğŸ“£ ğŸ“£ğŸ“£ Live Ğ•ÑĞ»Ğ¸ Ñ‡Ñ‚Ğ¾, Ğ¿Ğ¸ÑˆĞ¸Ñ‚Ğµ - @bolotin"
https://t.me/joinchat/AAAAAEHKH726CMoNmSJ2UA,Ù¾ÙˆØ´Ø´ ØªÙ…Ø§Ù…ÛŒ Ù…Ø³Ø§Ø¨Ù‚Ø§Øª Ø¨Ø§ Ú©Ø§Ù…Ù„ØªØ±ÛŒÙ† Ø¢Ø±Ø´ÛŒÙˆ Ø±Ø³Ù„ÛŒÙ†Ú¯ Ø¯Ø± Ø¬Ù‡Ø§Ù†! Ø¢Ø¯Ø±Ø³ ÙØ¹Ø§Ù„ Ø³Ø§ÛŒØª : https://bia2kaj.club ØªÙˆØ¦ÛŒØªØ± ...
https://t.me/joinchat/AAAAADz_B9HD4VNdCy3Kyw,Ø¢Ø¯Ø±Ø³ Ø³Ø§ÛŒØª : ğŸ‘‡ https://bia2movies.info Ø±Ø¨Ø§Øª Ù‡ÙˆØ´Ù…Ù†Ø¯ ØªÙ„Ú¯Ø±Ø§Ù… : ğŸ˜ @Bia2Mbot Ú¯Ø±ÙˆÙ‡ ØªÙ„Ú¯Ø±Ø§Ù… : ğŸ‘‡ https://telegram.me/joinchat ...
https://t.me/joinchat/GSTxI0R3FlJn3LMPenygkw,You are invited to the group Givers Room Community. Click above to join.
https://t.me/joinchat/AAAAAEHXNDYqNvAn5O7AnQ,You are invited to the group Ğ¡Ñ‚Ğ¸ĞºĞµÑ€Ñ‹ Ğ¢ĞµĞ»ĞµĞ³Ñ€Ğ°Ğ¼. Click above to join.
https://t.me/lentadna,"If you have Telegram, you can view and join Ğ›ĞµĞ½Ñ‚Ğ° Ğ´Ğ½Ğ° right away."
https://t.me/joinchat/AAAAAD9yk4_gyJ9wPvzBFg,Ø¨Ù‡ Ø±ÙˆØ²ØªØ±ÛŒÙ† Ú©Ø§Ù†Ø§Ù„ ÙÛŒÙ„Ù… Ùˆ Ø³Ø±ÛŒØ§Ù„ Ù‡Ø§ÛŒ Ú©Ø±Ù‡ Ø§ÛŒ Ø²ÛŒØ±Ù†ÙˆÛŒØ³ ÙØ§Ø±Ø³ÛŒ Ú†Ø³Ø¨ÛŒØ¯Ù‡ Ú©ÛŒÙÛŒØª Ø¹Ø§Ù„ÛŒ Ø¢Ø¯Ø±Ø³ Ø³Ø§ÛŒØª: http ...
https://t.me/BitRussia,"If you have Telegram, you can view and join BitRussiağŸ‡·ğŸ‡º right away."
https://t.me/joinchat/AAAAAD9yk4_gyJ9wPvzBFg,Ø¨Ù‡ Ø±ÙˆØ²ØªØ±ÛŒÙ† Ú©Ø§Ù†Ø§Ù„ ÙÛŒÙ„Ù… Ùˆ Ø³Ø±ÛŒØ§Ù„ Ù‡Ø§ÛŒ Ú©Ø±Ù‡ Ø§ÛŒ Ø²ÛŒØ±Ù†ÙˆÛŒØ³ ÙØ§Ø±Ø³ÛŒ Ú†Ø³Ø¨ÛŒØ¯Ù‡ Ú©ÛŒÙÛŒØª Ø¹Ø§Ù„ÛŒ Ø¢Ø¯Ø±Ø³ Ø³Ø§ÛŒØª: http ...
https://t.me/BitRussia,"If you have Telegram, you can view and join BitRussiağŸ‡·ğŸ‡º right away."
https://t.me/joinchat/AAAAAEJ0ghU66P4ZrBE7yw,"ğŸ’¯Men Of The BossğŸ’¯ Addon Kodi, Apk Ufficiale, Radio Ufficiale, Apk Mod, Account, Riviste, Giornali, Film Mp3 @gratis_ita http://bit.ly/regolemotb http://bit.ly ..."
https://t.me/joinchat/AAAAAERW3ZZqjZgBg2CRug,"Ğ¡Ğ°Ğ¼Ñ‹Ğ¹ Ğ¿Ğ¾Ğ¿ÑƒĞ»ÑÑ€Ğ½Ñ‹Ğ¹ ĞºĞ°Ğ½Ğ°Ğ» Ğ² Ñ‚ĞµĞ»ĞµĞ³Ñ€Ğ°Ğ¼Ğ¼Ğµ. âš ï¸ĞĞ¾Ğ¼ĞµÑ€Ğ° Ğ½Ğµ ÑƒĞ´Ğ°Ğ»ÑĞµĞ¼,Ğ¿Ñ€ĞµĞ¶Ğ´Ğµ Ñ‡ĞµĞ¼ Ğ¿Ğ¾Ğ´ĞµĞ»Ğ¸Ñ‚ÑŒÑÑ Ğ½Ğ¾Ğ¼ĞµÑ€Ğ¾Ğ¼ ..."
https://t.me/joinchat/AAAAAE1W8wql5nyoOFx4QQ,Join Channel. You are invited to the group LendConnect. Click above to join.
https://t.me/joinchat/G6KFmURKsu0FIfJetJ3mOA,You are invited to the group Debitum Network. Click above to join.
https://t.me/joinchat/AaKoNENjsCaKgNJKyh24wA,You are invited to the group Viacoin puzzle solving. Click above to join.
https://t.me/joinchat/E7lsBw5BqFHVEz1etGm9ww,You are invited to the group BABB Community. Click above to join.
https://t.me/joinchat/FSgY4RI3tNfalmD2sbIZRg,Welcome to Dragon official telegram group! Feel free to ask any question our support team @Art_A_A @tokensvest and @roman_kane Our tech team: @abdulqaiyoom
https://t.me/joinchat/G337zg6z0ACm6QTvUU9_Yw,"Welcome to AppCoins, the first blockchain-based cryptocurrency for App Stores. Official website: https://appcoins.io"
https://t.me/joinchat/G337zg6z0ACm6QTvUU9_Yw,"Welcome to AppCoins, the first blockchain-based cryptocurrency for App Stores. Official website: https://appcoins.io"
https://t.me/joinchat/AAAAAFBXqOE3hUl2LbEBgw,ĞŸĞ¾ Ğ²ÑĞµĞ¼ Ğ²Ğ¾Ğ¿Ñ€Ğ¾ÑĞ°Ğ¼ @shoooroombooroom https://t.me/joinchat/AAAAAFBXqOE3hUl2LbEBgw
https://t.me/joinchat/AAAAADwE4TwEW_gnCAzaVQ,"Ø³Ø§Ù…Ø§Ù†Ù‡ Ø§Ù…Ù† Ø®Ø±ÛŒØ¯ Ø¹Ù…Ø¯Ù‡ Ù„Ø¨Ø§Ø³ Ø§ÛŒØ±Ø§Ù† Ù„Ø¨Ø§Ø³ Ø¨Ú†Ú¯Ø§Ù†Ù‡,Ø²Ù†Ø§Ù†Ù‡,Ù…Ø±Ø¯Ø§Ù†Ù‡,Ø´Ø§Ù„ Ùˆ Ø±ÙˆØ³Ø±ÛŒ Ø¯Ø§Ø±Ø§ÛŒ Ù†Ù…Ø§Ø¯ Ø§Ø¹ØªÙ…Ø§Ø¯ ..."
https://t.me/BitRussia,"If you have Telegram, you can view and join BitRussiağŸ‡·ğŸ‡º right away."
https://t.me/joinchat/AAAAAFC1LYzZogE_o8QRmg,ĞĞ¾Ğ²Ğ¾ÑÑ‚Ğ¸ Ğ¿Ñ€Ğ¾ Ğ°ĞºĞºÑƒĞ¼ÑƒĞ»ÑÑ‚Ğ¾Ñ€Ğ½Ñ‹Ğµ Ğ±Ğ°Ñ‚Ğ°Ñ€ĞµĞ¸ Ğ¸ Ğ¸Ñ… Ğ¾Ğ±ÑĞ»ÑƒĞ¶Ğ¸Ğ²Ğ°Ğ½Ğ¸Ğµ. â€”----- https://BatteryService ...
https://t.me/joinchat/AAAAAEKG9pNup0_kyPoGUQ,Ù¾ÛŒØ²Ø§ Ú©Ù„ÛŒÚ©: Ú©Ø³Ø¨ Ø¯Ø±Ø§Ù…Ø¯ Ø§Ù†Ù„Ø§ÛŒÙ† Ø§Ø² ØªØ¨Ù„ÛŒØºØ§Øª ... You are invited to the group Ú©Ù„ÛŒÚ© Ù¾ÛŒØ²Ø§. Click above to join.
https://t.me/joinchat/AAAAADvN8Aio_V3yQSjufg,Ø¯Ø§Ù†Ù„ÙˆØ¯ Ø¢Ù‡Ù†Ú¯ Ø¬Ø¯ÛŒØ¯ Ø§ÛŒØ±Ø§Ù†ÛŒ Ø§Ø² ØªÙ„Ú¯Ø±Ø§Ù… ØªØ§Ù¾ØµØ¯Ø§ Ø¨Ø§ Ú©ÛŒÙÛŒØª Ø§ÙˆØ±Ø¬ÛŒÙ†Ø§Ù„ - Ø¯Ø§Ù†Ù„ÙˆØ¯ Ø¬Ø¯ÛŒØ¯ØªØ±ÛŒÙ† ÙÛŒÙ„Ù… Ù‡Ø§ÛŒ ...
https://t.me/joinchat/AAAAAELA-2puemW2u6QryQ,You are invited to the group Stocks official trollbox. Click above to join.
https://t.me/joinchat/AAAAAD-Dxd2MMLaHj0Kbqw,"You are invited to the group ""ÑƒĞ½Ğ¸ĞºĞ°Ğ»ÑŒĞ½Ñ‹Ğµ Ñ„Ğ°ĞºÑ‚Ñ‹ Ğ¾Ğ± Ğ¾Ñ€Ğ¸Ñ„Ğ»ÑĞ¹Ğ¼. Click above to join."
https://t.me/joinchat/AAAAAEJmq1gQgHab6SwEBw,Ø§ÛŒÙ†Ø³ØªØ§Ú¯Ø±Ø§Ù… ğŸ‘‡ğŸ‘‡ğŸ‘‡ instagram.com/dialog_naaab Ù¾ÛŒØ¬ Ø¯ÙˆÙ… Ø§ÛŒÙ†Ø³ØªØ§Ú¯Ø±Ø§Ù…ğŸ‘‡ instagram.com/@dialog_naaab1 Ú©Ø§Ù†Ø§Ù„ Ù…ÙˆØ²ÛŒÚ© Ùˆ ...
https://t.me/joinchat/EL96zk8-nM98tqqexq4Ofw,You are invited to the group SwisscoinCash (SWC) Community. Click above to join.
https://t.me/joinchat/F_38d0NlVp_oQfB0S5u1Fg,Join Group. You are invited to the group Vezt. Click above to join.
https://t.me/joinchat/AAAAAE9CXbGWBdK-MH_-3A,ğŸ†×¢×¨×•×¥ ×›×œ ×”××™×“×”ğŸ† ××™×–× ×™×©×¨××œ×™ ×œ××™×—×•×“ ×§×‘×•×¦×•×ª ×”××“×™×”. ×œ×›× ×™×¡×” ×œ×§×‘×•×¦×” - @all_media_UP
https://t.me/joinchat/FPdTVkLR979I-MbB2B61qQ,"ClassyCoin is high value token, peer to peer decentralized digital currency controlled by community. The New ERC20 token deployed on Ethereum blockchain. Fast ..."
https://t.me/joinchat/AAAAAE4utgdaPDYMvZJjsw,Join Channel. You are invited to the group Ğ›ĞµĞ¿Ñ€Ğ°. Click above to join.
https://t.me/joinchat/AAAAAEAV0D_k5-hfv8cmaQ,Ğ’Ğ¾Ğ·Ğ²Ñ€Ğ°Ñ‰Ğ°Ñ Ğ´ĞµĞ½ÑŒĞ³Ğ¸ Ğ·Ğ° Ğ²Ğ°ÑˆĞ¸ Ğ·Ğ°ĞºĞ°Ğ·Ñ‹ Ğ² Ğ¸Ğ½Ñ‚ĞµÑ€Ğ½ĞµÑ‚Ğµ. Ğ˜ Ğ´ĞµĞ»Ğ°Ñ ÑÑ‚Ğ¾ Ğ·Ğ° 12-18% Ğ¾Ñ‚ ÑÑ‚Ğ¾Ğ¸Ğ¼Ğ¾ÑÑ‚Ğ¸ Ğ²Ğ°ÑˆĞµĞ³Ğ¾ Ğ·Ğ°ĞºĞ°Ğ·Ğ°.
https://t.me/joinchat/AAAAAEKRnFCapgRykArGow,Please avoid asking for best coaching for that u should check blog.Oureducation.in if u want to have review of Upsc notes then Upsc.Oureducation.in and if u have to ...
https://t.me/lentadnya,"If you have Telegram, you can view and join Ğ›ĞµĞ½Ñ‚Ğ° Ğ´Ğ½Ñ right away."
https://t.me/joinchat/AAAAAEJ0ghU66P4ZrBE7yw,"ğŸ’¯Men Of The BossğŸ’¯ Addon Kodi, Apk Ufficiale, Radio Ufficiale, Apk Mod, Account, Riviste, Giornali, Film Mp3 @gratis_ita http://bit.ly/regolemotb http://bit.ly ..."
https://t.me/joinchat/GYfnDk1sdrhxwMLoWFioFQ,"DAC is a blockchain-based audio content platform that will reinvent how we interact with create, consume, and interact with audio. Check out our website http://www ..."
https://t.me/joinchat/EL96zk8-nM98tqqexq4Ofw,You are invited to the group SwisscoinCash (SWC) Community. Click above to join.
https://t.me/joinchat/E7bGkULR97-OrNjgT7QaMQ,"ClassyCoin is high value token, peer to peer decentralized digital currency controlled by community. The New ERC20 token deployed on Ethereum blockchain. Fast ..."
https://t.me/joinchat/AAAAAEmVJnGzy3lmn641-A,First cryptocurrency to combine social decentralized platform with investment opportunity.
https://t.me/joinchat/AAAAAED1Yo7zCP82dIhC6Q,This channel is used to update all samsters regarding url changes of my site plus other useful snippets of information.
https://t.me/joinchat/AAAAAERI9ZnwcI-jZ2L7Qg,You are invited to the group Ø³Ù…Ø§ÛŒØ§Ø± - Ø¹Ù„Ù…ÛŒ Ú©Ø§Ø±Ø¨Ø±Ø¯ÛŒ - Ø¯Ø§Ù†Ø´Ø¬ÙˆÛŒØ§Ù†. Click above to join.
https://t.me/joinchat/AAAAADwcUL1ZW-R9JplXtQ,You are invited to the group Ù†ÛŒÙ„ÙˆÙØ± Ø¢Ø¨ÛŒ. Click above to join.
https://t.me/joinchat/DIqQ9kNa-jotPM2K-nU5GQ,âš ï¸ REGOLE âš ï¸ Si puÃ² parlare solo di Radioddity GD-77 e argomenti inerenti. Non verranno tollerate maleducazione e volgaritÃ . Limitare conversazioni e ...
https://t.me/joinchat/GYfnDk1sdrhxwMLoWFioFQ,"DAC is a blockchain-based audio content platform that will reinvent how we interact with create, consume, and interact with audio. Check out our website http://www ..."
https://t.me/joinchat/AAAAAELA-2puemW2u6QryQ,You are invited to the group Stocks official trollbox. Click above to join.
https://t.me/joinchat/AAAAAEPDSs4cOGYc63-gnA,Ø¬Ø¯ÛŒØ¯ØªØ±ÛŒÙ† Ø§Ø®Ø¨Ø§Ø± Ø¯ÙƒØªØ±ÙŠ Ù…Ø´Ø§ÙˆØ±Ù‡ Ø¢Ø²Ù…ÙˆÙ† Ø¯Ú©ØªØ±ÛŒ Ph.D Ø¢Ø²Ù…ÙˆÙ† ØªØ®ØµØµÙŠ http://phdphd.org â€Ú©Ø¯ Ø´Ø§Ù…Ø¯ ÙƒØ§Ù†Ø§Ù„ 1-1-711906-61-4-2 ...
https://t.me/joinchat/AAAAAECzt-7mxh40TsJ5qQ,Ø¢Ù…ÙˆØ²Ø´ ØªØ±Ú©ÛŒ Ø§Ø³ØªØ§Ù†Ø¨Ù€Ù€Ù€ÙˆÙ„Ù€Ù€Ù€Û’ Ø§Ø³ØªØ§Ø¯ Ø³Ù…ÛŒØ±Ø§ Ø¨ÛŒÙ€Ù€Ù€Ù€Ù€Ù€Ù€Ù€Ù€Ø§ØªÙ„Ùˆ Ø§Ø±ØªØ¨Ø§Ø·: ğŸ‘¤ @Danisman Ú©Ù„Ø§Ø³ Ù‡Ø§ÛŒ ØºÛŒØ±Ø­Ø¶ÙˆØ±ÛŒ ...
https://t.me/joinchat/AAAAAD_5HwST9Q_NuKav1g,â˜ï¸Ø³Ø§Ù…Ø§Ù†Ù‡ Ù…Ø´Ø§ÙˆØ±Ù‡ ØªÙ„ÙÙ†ÙŠ ÙƒÙ†ÙƒÙˆØ±ÙŠÙ‡Ø§ğŸ§ Ø«Ø¨Øª Ù†Ø§Ù… ÙƒÙ†ÙƒÙˆØ± Ø¯Ø§Ù†Ø´Ú¯Ø§Ù‡ Ø¨Ø¯ÙˆÙ† ÙƒÙ†ÙƒÙˆØ± Ù…Ø¹Ø±ÙÙŠ Ù…Ù†Ø§Ø¨Ø¹ Ùˆ Ù…Ù‚Ø§ÙŠØ³Ù‡ ...
https://t.me/joinchat/AAAAAEFRm9h7QUMRWXx3zA,âš½ï¸ Goal Uzbekistan ĞºĞ°Ğ½Ğ°Ğ»Ğ¸Ğ³Ğ° Ò³ÑƒÑˆ ĞºĞµĞ»Ğ¸Ğ±ÑĞ¸Ğ·! â˜‘ï¸ Ğ‘Ğ¸Ğ· ÑĞ¸Ğ·Ğ³Ğ° Ò³Ğ°Ñ€ ĞºÑƒĞ½Ğ¸ Ñ‚Ğ°Ò›Ğ´Ğ¸Ğ¼ ÑÑ‚ÑƒĞ²Ñ‡Ğ¸ ĞºĞ¾Ğ½Ñ‚ĞµĞ½Ñ‚Ğ»Ğ°Ñ€ ...
https://t.me/joinchat/AAAAAD9yk4_gyJ9wPvzBFg,Ø¨Ù‡ Ø±ÙˆØ²ØªØ±ÛŒÙ† Ú©Ø§Ù†Ø§Ù„ ÙÛŒÙ„Ù… Ùˆ Ø³Ø±ÛŒØ§Ù„ Ù‡Ø§ÛŒ Ú©Ø±Ù‡ Ø§ÛŒ Ø²ÛŒØ±Ù†ÙˆÛŒØ³ ÙØ§Ø±Ø³ÛŒ Ú†Ø³Ø¨ÛŒØ¯Ù‡ Ú©ÛŒÙÛŒØª Ø¹Ø§Ù„ÛŒ Ø¢Ø¯Ø±Ø³ Ø³Ø§ÛŒØª: http ...
https://t.me/ArcBlock,"If you have Telegram, you can view and join ArcBlock right away."
https://t.me/joinchat/AAAAAE8d2M0skZ88vi5KCw,Siamo un gruppo di amici appassionati ai contenuti in alta definizione. Ecco il nostro link d'invito: https://t.me/joinchat/AAAAAE8d2M0skZ88vi5KCw
https://t.me/joinchat/AAAAAE6juH5ikloe8_R-vQ,You are invited to the group Candy Drops. Click above to join.
https://t.me/joinchat/AAAAAD4Kzpsbsq0iwLAlhw,Ú©Ø§Ù†Ø§Ù„ Ø±Ø³Ù…ÛŒ Ø´Ø±Ú©Øª Ø§Ø±ØªØ¨Ø§Ø·Ø§Øª Ø³ÛŒØ§Ø± Ø§ÛŒØ±Ø§Ù† Â«Ù‡Ù…Ø±Ø§Ù‡ Ø§ÙˆÙ„Â» ÙˆØ¨ Ø³Ø§ÛŒØª Ù…Ø§: www.mci.ir ØµÙØ­Ù‡ Ø§ÛŒÙ†Ø³ØªØ§Ú¯Ø±Ø§Ù… Ù…Ø§: instagram ...
https://t.me/joinchat/AAAAAEmVJnGzy3lmn641-A,First cryptocurrency to combine social decentralized platform with investment opportunity.
https://t.me/joinchat/Gizz-A7awH81i3pEGgB1dw,You are invited to the group VeriME ICO - Official Channel!. Click above to join.
https://t.me/joinchat/AAAAAE3QWa34vnJHLkyDGA,Join Channel. You are invited to the group å°å·´ç³–æœ. Click above to join.
https://t.me/joinchat/Bhbiqz9L-zOzX2I-zhQdBQ,IV's Telegram Group for Advocacy related discussions and action items.
https://t.me/hoqu_rus,"If you have Telegram, you can view and join HOQU Rus right away."
https://t.me/two_btc_chat,"If you have Telegram, you can view and join #Ñ‡Ğ°Ñ‚ - Ğ”Ğ²Ğ° Ğ‘Ğ¸Ñ‚ĞºĞ¾Ğ¸Ğ½Ğ° right away."
https://t.me/joinchat/GPdeT0mPAe7bz36x-FSQ1w/,adbank is a powerful online advertising platform built on Ethereum to remove middlemen & dramatically reduce the $50 billion problem of ad fraud using advanced AI ...
https://t.me/joinchat/AAAAAEIlSHMQe88FzYwYhQ,ğŸ”´ÙˆØ§Ù‚Ø¹ Ú¯Ø±Ø§-Ø¨Ø¯ÙˆØ± Ø§Ø² Ø§ÙØ±Ø§Ø· Ùˆ ØªÙØ±ÛŒØ· ğŸ”¶â˜”ï¸ğŸ“¡Ù…Ø¯Ù„ Ù‡Ø§ÛŒ Ø¨Ø±ÙˆØ² Ù‡ÙˆØ§Ø´Ù†Ø§Ø³ÛŒğŸ‘‡ğŸ‘‡ http://asemaneriz.blogfa.com ...
https://t.me/joinchat/AAAAAEG-KSyaCrBdu1swyQ,Join Channel. You are invited to the group ARTONCE. Click above to join.
https://t.me/joinchat/AAAAAEQfqcfK3ccfaqopvA,Join Channel. You are invited to the group AudioZDownload. Click above to join.
https://t.me/joinchat/AAAAAD7Iw_GWBnvo8NwkfQ,"News, TOEFL, IElTS Words Ú©Ø§Ù†Ø§Ù„ÛŒ Ø¨Ø±Ø§ÛŒ ØªÙ‚ÙˆÛŒØª Ø²Ø¨Ø§Ù† Ø¯Ú©ØªØ±Ø§ Ùˆ Ø§Ø±Ø´Ø¯ Ùˆ Ø§Ù„Ø¨ØªÙ‡ Ø¢Ø²Ù…ÙˆÙ† Ù‡Ø§ÛŒ Ø¨ÛŒÙ† Ø§Ù„Ù…Ù„Ù„ÛŒ Contact us: @Salamzabanchat"
https://t.me/joinchat/HihkMkTja1gIyBRM1J1_vg,Join Group. You are invited to the group TrustToken. Click above to join.
https://t.me/joinchat/AAAAAEQfqcfK3ccfaqopvA,Join Channel. You are invited to the group AudioZDownload. Click above to join.
https://t.me/joinchat/AAAAAD7Iw_GWBnvo8NwkfQ,"News, TOEFL, IElTS Words Ú©Ø§Ù†Ø§Ù„ÛŒ Ø¨Ø±Ø§ÛŒ ØªÙ‚ÙˆÛŒØª Ø²Ø¨Ø§Ù† Ø¯Ú©ØªØ±Ø§ Ùˆ Ø§Ø±Ø´Ø¯ Ùˆ Ø§Ù„Ø¨ØªÙ‡ Ø¢Ø²Ù…ÙˆÙ† Ù‡Ø§ÛŒ Ø¨ÛŒÙ† Ø§Ù„Ù…Ù„Ù„ÛŒ Contact us: @Salamzabanchat"
https://t.me/joinchat/HihkMkTja1gIyBRM1J1_vg,Join Group. You are invited to the group TrustToken. Click above to join.
https://t.me/joinchat/AAAAAEQVwc8GvryTpgLL8w,"BETA - Bittrex,Liqui,HitBTC,Polo,Kraken,Cryptopia. Many thanks and thanks to Luc! cryptomarketscanner@outlook.com:)"
https://t.me/joinchat/AAAAAEAgdKpeLwGtnehLBw,Don't change the group name and icon Our official channels @alltipinfo
https://t.me/joinchat/AAAAAE4utgdaPDYMvZJjsw,Join Channel. You are invited to the group Ğ›ĞµĞ¿Ñ€Ğ°. Click above to join.
https://t.me/joinchat/GQ3OlhMNvMwUjfS_S9PV2g,You are invited to the group LoyalCoin Official. Click above to join.
https://t.me/joinchat/EwTN8UQsAncoPiVumeB0mg,You are invited to the group LiÃªn Minh TiÃªn Phong Team. Click above to join.
https://t.me/joinchat/AAAAAD_5HwST9Q_NuKav1g,â˜ï¸Ø³Ø§Ù…Ø§Ù†Ù‡ Ù…Ø´Ø§ÙˆØ±Ù‡ ØªÙ„ÙÙ†ÙŠ ÙƒÙ†ÙƒÙˆØ±ÙŠÙ‡Ø§ğŸ§ Ø«Ø¨Øª Ù†Ø§Ù… ÙƒÙ†ÙƒÙˆØ± Ø¯Ø§Ù†Ø´Ú¯Ø§Ù‡ Ø¨Ø¯ÙˆÙ† ÙƒÙ†ÙƒÙˆØ± Ù…Ø¹Ø±ÙÙŠ Ù…Ù†Ø§Ø¨Ø¹ Ùˆ Ù…Ù‚Ø§ÙŠØ³Ù‡ ...
https://t.me/joinchat/AAAAADv9Sg2y8cfhgApWzw,Ø®Ø±ÛŒØ¯ ÙˆÙØ±ÙˆØ´ Ø±Ø³ÛŒÙˆØ± ÙÙˆÙ„ Ø§Ú†Ø¯ÛŒØŒÙ‚ÛŒÙ…Øª Ø§Ù†ÙˆØ§Ø¹ Ø±Ø³ÛŒÙˆØ±ØŒÙ…Ø¹Ø±ÙÛŒ Ø±Ø³ÛŒÙˆØ±Ù‡Ø§ÛŒ Ø¬Ø¯ÛŒØ¯ØŒ Ø¬Ù‡Øª Ø®Ø±ÛŒØ¯ Ù…Ø·Ù…Ø¦Ù† Ùˆ Ø¢Ú¯Ø§Ù‡Ø§Ù†Ù‡ ...
https://t.me/joinchat/BSBzPk1gyw5grXyvBslXdg,A blockchain platform to collectively build AI Apps https://dbrain.io
https://t.me/joinchat/AAAAAERmxwNpyuieTBHLyw,Ø§Ø­Ø¯Ø§Ø« 28/Ø´Ù‡Ø±ÛŒÙˆØ±/96 Ù‡ØªÙ„ Ø³ÙˆØ¦ÛŒØª Ù…Ø¬Ø±ÛŒ ØªÙˆØ±Ù‡Ø§ÛŒ Ø¬Ø²ÛŒØ±Ù‡ Ù‚Ø´Ù… Ùˆ Ú©ÛŒØ´ Ø±Ø²Ø±Ùˆ Ù‡ØªÙ„ Ø¯Ø± Ù‚Ø´Ù… Ùˆ Ú©ÛŒØ´ ØªÙˆØ±Ù‡Ø§ÛŒ ØªÙØ±ÛŒØ­ÛŒ ...
https://t.me/joinchat/AAAAAEJMhau0HEgKAqySvA,Ø§Ø·Ù„Ø§Ø¹Ø§Øª ØªØ®ØµØµÛŒ Ùˆ Ù…Ø´Ø§ÙˆØ±Ù‡ Ù…Ù‡Ø§Ø¬Ø±ØªØŒ Ø§Ù‚Ø§Ù…ØªØŒ ØªØ­ØµÛŒÙ„ Ø¯Ø± Ø®Ø§Ø±Ø¬ Ø§Ø² Ú©Ø´ÙˆØ± Ùˆ Ø¢Ù…ÙˆØ²Ø´ Ø²Ø¨Ø§Ù† Ù‡Ø§ÛŒ Ø®Ø§Ø±Ø¬ÛŒ ØªÙ‡Ø±Ø§Ù† ...
https://t.me/joinchat/AAAAAD_L6Xxmhk68EdnTDA,Ø¯Ø± ØµÙˆØ±Øª Ù…Ø´Ú©Ù„ Ø¯Ø± Ø®Ø±ÛŒØ¯ Ø§Ø´ØªØ±Ø§Ú© Ùˆ... Ø¨Ù‡ Ø¢ÛŒ Ø¯ÛŒ @turk_dll Ù¾Ø¨Ø§Ù… Ø¨Ø¯ÛŒØ¯. Ø¢Ø¯Ø±Ø³ Ø³Ø§ÛŒØªâªhttps://goo.gl/XUc45z Ù„ÛŒÙ†Ú© Ø³ÙˆÙ¾Ø± ...
https://t.me/joinchat/AAAAAFC1LYzZogE_o8QRmg,ĞĞ¾Ğ²Ğ¾ÑÑ‚Ğ¸ Ğ¿Ñ€Ğ¾ Ğ°ĞºĞºÑƒĞ¼ÑƒĞ»ÑÑ‚Ğ¾Ñ€Ğ½Ñ‹Ğµ Ğ±Ğ°Ñ‚Ğ°Ñ€ĞµĞ¸ Ğ¸ Ğ¸Ñ… Ğ¾Ğ±ÑĞ»ÑƒĞ¶Ğ¸Ğ²Ğ°Ğ½Ğ¸Ğµ. â€”----- https://BatteryService ...
https://t.me/joinchat/AAAAAD_bZWNOwSFnrVc6LA,Ú©Ø§Ù†Ø§Ù„ Ø±Ø³Ù…ÛŒ Ø¬Ù‡Ø§Ù† Ù†ÙˆÛŒÙ† Ø¢Ø±ÛŒØ§Ø› Ù†Ù…Ø§ÛŒÙ†Ø¯Ù‡ Ø±Ø³Ù…ÛŒ Ù†ÛŒØ³Ø§Ù† Ø¯Ø± Ø§ÛŒØ±Ø§Ù† Ø¢Ø¯Ø±Ø³ Ø´Ø¹Ø¨Ù‡ Ù…Ø±Ú©Ø²ÛŒ: ØªÙ‡Ø±Ø§Ù†ØŒ Ø§ØªÙˆØ¨Ø§Ù† Ø´Ù‡ÛŒØ¯ ...
https://t.me/joinchat/AAAAADwaUzCe_AIoSPgwpQ,â­•ï¸Ø¬Ù†Ø¬Ø§Ù„ÛŒ ØªØ±ÛŒÙ† ÙˆÛŒØ¯Ø¦ÙˆÙ‡Ø§ Ùˆ Ø§Ø®Ø¨Ø§Ø± ÙØ¶Ø§ÛŒ Ù…Ø¬Ø§Ø²ÛŒ Ú©Ø§Ù†Ø§Ù„ Ø±Ø³Ù…ÛŒ ØªÙ„Ú¯Ø±Ø§Ù… Ø³Ø§ÛŒØª Ø¬Ø§Ù…Ø¹ ÙØ±Ù‡Ù†Ú¯ÛŒ Ù…Ø°Ù‡Ø¨ÛŒ Ø´Ù‡ÛŒØ¯ ...
https://t.me/joinchat/AAAAAENcDsuJKqc4FJtlUQ,Don't change the group name and icon Official channels @alltipinfo Group link-https://t.me/joinchat/AAAAAENcDsuJKqc4FJtlUQ
https://t.me/joinchat/AAAAAEfQtTUv5LpX66CBZA,Tutta la Serie A con news e dirette in streaming dagli utenti di www.diggita.it
https://www.t.me/beetoken,"If you have Telegram, you can view and join The Bee Token right away."
https://t.me/joinchat/GCtj7kQG61wgtjS9rRiU7w,You are invited to the group AFARINESH IELTS Group. Click above to join.
https://t.me/joinchat/AAAAAEMrq0Zncz26eRc2uQ,ØªØ±Ø¬Ù…Ù‡ Ù…ØªÙˆÙ† Ø§Ù†Ú¯Ù„ÛŒØ³ÛŒ Ù¾Ø°ÛŒØ±ÙØªÙ‡ Ù…ÛŒ Ø´ÙˆØ¯. Ø¨Ø±Ø§ÛŒ Ø³ÙØ§Ø±Ø´ ØªØ±Ø¬Ù…Ù‡ Ø¨Ø§ Ø¢ÛŒØ¯ÛŒ @photo_editor12 Ø¯Ø± Ø§Ø±ØªØ¨Ø§Ø· Ø¨Ø§Ø´ÛŒØ¯.
https://t.me/joinchat/AAAAAE8d2M0skZ88vi5KCw,Siamo un gruppo di amici appassionati ai contenuti in alta definizione. Ecco il nostro link d'invito: https://t.me/joinchat/AAAAAE8d2M0skZ88vi5KCw
https://t.me/joinchat/AAAAAEL92GWg_8L62nTVpA,"Ğ¡Ğ¸Ñ‚ÑƒĞ°Ñ†Ğ¸Ñ Ğ½Ğ° Ğ±Ğ»Ğ¾ĞºĞ¿Ğ¾ÑÑ‚Ğ°Ñ…, Ğ¾Ñ‡ĞµÑ€ĞµĞ´Ğ¸ Ğ½Ğ° Ğ±Ğ»Ğ¾ĞºĞ¿Ğ¾ÑÑ‚Ğ°Ñ…, Ğ¾Ğ±ÑÑ‚Ğ°Ğ½Ğ¾Ğ²ĞºĞ° Ğ½Ğ° Ğ±Ğ»Ğ¾ĞºĞ¿Ğ¾ÑÑ‚Ğ°Ñ…, ÑĞ²ĞµĞ¶Ğ°Ñ Ğ¸Ğ½Ñ„Ğ¾Ñ€Ğ¼Ğ°Ñ†Ğ¸Ñ."
https://t.me/joinchat/AAAAAD2gKKZpWdEtE7Ig_A,Ø¨Ù‡ Ú©Ø§Ù†Ø§Ù„ Ø¯Ù†ÛŒØ§ÛŒ ÙÛŒÙ„Ù… Ø®ÙˆØ´ Ø¢Ù…Ø¯ÛŒØ¯ Ú©Ø§Ù†Ø§Ù„ ÙÛŒÙ„Ù… Ø¨Ø§ Ø­Ø¬Ù… Ú©Ù…ØªØ± Ø§Ø² Û±Û°Û° Ù…Ú¯Ø§Ø¨Ø§ÛŒØª @DFMob Ú©Ø§Ù†Ø§Ù„ ÙÛŒÙ„Ù… Ù‡Ø§ÛŒ ...
https://t.me/joinchat/Gizz-A7awH81i3pEGgB1dw,You are invited to the group VeriME ICO - Official Channel!. Click above to join.
https://t.me/joinchat/AAAAAFBXqOE3hUl2LbEBgw,ĞŸĞ¾ Ğ²ÑĞµĞ¼ Ğ²Ğ¾Ğ¿Ñ€Ğ¾ÑĞ°Ğ¼ @shoooroombooroom https://t.me/joinchat/AAAAAFBXqOE3hUl2LbEBgw
https://t.me/joinchat/A1CXVxEFx-aGJKwJY3Lh0w,You are invited to the group ç²¾å­ç‹åœ‹ babycondom.com. Click above to join.
https://t.me/joinchat/AAAAAEQHPWBBwOZDF7UaoA,Don't change the group name Our official channels @alltipinfo
https://t.me/joinchat/AAAAADvhOmTP3kwmwc2mAg,Ù…Ø¬Ù„Ù‡ Ø¹Ù„Ù… ÙˆØ±Ø²Ø´ Ø¯Ø± Ø­ÙˆØ²Ù‡ Ø¹Ù„ÙˆÙ… ÙˆØ±Ø²Ø´ÛŒØŒ ØªÙ†Ø§Ø³Ø¨ Ø§Ù†Ø¯Ø§Ù… Ùˆ Ø³Ù„Ø§Ù…Øª ÙØ¹Ø§Ù„ÛŒØª Ø¯Ø§Ø±Ø¯ elmevarzesh.com ØªØ¨Ù„ÛŒØºØ§ØªğŸ‘ˆ @demasoni ...
https://t.me/joinchat/AAAAADwiRs3maWSOn5PW8g,ğŸ“±Ú©Ø§Ù†Ø§Ù„ Ø±Ø³Ù…ÛŒ ÙˆØ¨Ø³Ø§ÛŒØª Ø§ÛŒØ±Ø§Ù† ÙÙˆØ± Ø§ÙÙˆÙØ± ğŸ® Ø§Ø®Ø¨Ø§Ø± Ùˆ Ø¢Ù…ÙˆØ²Ø´ Ù‡Ø§ÛŒ Ú©Ù„Ø´ Ø§Ù Ú©Ù„Ù†Ø² ğŸ® â›”ï¸ Ù‡Ø±Ú¯ÙˆÙ†Ù‡ ÙØ¹Ø§Ù„ÛŒØª Ùˆ ...
https://t.me/joinchat/G27hvE7ekHNGJko1r8-JDA,OACcoin.com OAC NEWS : @OACNEWS OAC Global: @OACchat OAC VIET NAM : @OACVN OAC Indonesia : @OACID OAC China : @OACCN
https://t.me/travelflexchat,"If you have Telegram, you can view and join TravelFlex Chat right away."
https://t.me/joinchat/GmbozxFfmqF4UkueyZVoig,The Securities Token Platform Our News Channel where you can see all of our latest updates can be found here: t.me/polymathnews
https://t.me/joinchat/AAAAAES5tBQoWMg-eMkbyw,ğŸŒ Ø¯Ø± Ø¯Ù†ÛŒØ§ÛŒ Ø®ÙˆØ¯ Ø²Ù†Ø¯Ú¯ÛŒ Ú©Ù†ÛŒØ¯ ğŸ‡®ğŸ‡· ğŸŒØ¯Ø± Ø¯Ù†ÛŒØ§ÛŒ Ù…Ø§ Ø¨Ø§Ø²ÛŒ Ú©Ù†ÛŒØ¯ ğŸ‡®ğŸ‡· ğŸ† Ù…ÛŒÙ„ÛŒÙˆÙ†Ø± Ø´Ø¯Ù† Ø­Ù‚ Ø´Ù…Ø§Ø³ØªğŸ† Ø§Ø¯Ø±Ø³ ...
https://t.me/joinchat/HlW3zRFYPB2Ech9HANv85w,BUY (DEAL)! https://coinhouse.eu/markets/dealbtc (We have removed icqbase due to exchange closing wallets and having issues) HOLD & STAKE! Visit Website -> https ...
https://t.me/joinchat/HF6s6UwUFrXOW74Q8vwAwA,The next generation network transport layer protocol for hybrid decentralized exchanges.
https://t.me/joinchat/AAAAAERTHjq6ZGlf-ilxlA,Ú©Ø§Ù†Ø§Ù„ Ø±Ø³Ù…ÛŒ Ø³Ø§ÛŒØª ÙÛŒÙ„Ù…Ø³ØªØ§Ù† ... You are invited to the group filmestan. Click above to join.
https://t.me/joinchat/AAAAAEFRm9h7QUMRWXx3zA,âš½ï¸ Goal Uzbekistan ĞºĞ°Ğ½Ğ°Ğ»Ğ¸Ğ³Ğ° Ò³ÑƒÑˆ ĞºĞµĞ»Ğ¸Ğ±ÑĞ¸Ğ·! â˜‘ï¸ Ğ‘Ğ¸Ğ· ÑĞ¸Ğ·Ğ³Ğ° Ò³Ğ°Ñ€ ĞºÑƒĞ½Ğ¸ Ñ‚Ğ°Ò›Ğ´Ğ¸Ğ¼ ÑÑ‚ÑƒĞ²Ñ‡Ğ¸ ĞºĞ¾Ğ½Ñ‚ĞµĞ½Ñ‚Ğ»Ğ°Ñ€ ...
https://t.me/bitcoinistnews,"If you have Telegram, you can view and join Bitcoinist.com News right away."
https://t.me/joinchat/AAAAAEM0223e8XX6dBOfDQ,You are invited to the group Furry group america. Click above to join.
https://t.me/joinchat/GEb54Asz9AYq2cLZk6syHA,Click above to join. Don't have Telegram yet? Try it now! Grid+ 1 049 members. Join Group. You are invited to the group Grid+. Click above to join. ...
http://t.me/gladiusio,"If you have Telegram, you can view and join Gladius Network Chat right away."
https://t.me/joinchat/AAAAAEB-4b8boAmbflG18Q,Click above to join. Don't have Telegram yet? Try it now! ìœ ì¹´ë¦¬ 2 members. Join Channel. You are invited to the group ìœ ì¹´ë¦¬. Click above ...
https://t.me/joinchat/GL05EULsRTS7hxxMfXCTVw,Official Telegram group for project SunContract. Future of Peer to Peer energy trading. Blockchain enabled open energy market. Join us and use the sun with SunContract!
https://t.me/joinchat/AAAAAEH46GSByZP4_CKiAQ,Join Group. You are invited to the group TheBotFather. Click above to join.
https://t.me/joinchat/GXEWy0LIjjDvRxbnGeSfPw,You are invited to the group Data Dash | Trade Room. Click above to join.
https://t.me/joinchat/AAAAAE6juH5ikloe8_R-vQ,You are invited to the group Candy Drops. Click above to join.
https://t.me/joinchat/G2l-ZBADw9iPj1NFEP1JrA,You are invited to the group SKYHOPECOIN COMMUNITY. Click above to join.
https://t.me/joinchat/DByWw0Pnq9BAy4FqPv_Lyg,"Stox official chat - Stox is an open source, Ethereum based platform for prediction markets. www.stox.com ..."
https://t.me/joinchat/AAAAAERWBTFlnAWKFJKbmQ,Ø¨Ø§ Ú©Ø§Ù†Ø§Ù„ Ø¯Ø§Ù†Ù„ÙˆØ¯ Ø¢Ù‡Ù†Ú¯ Ø´Ø§Ø¯ â™¡ Ø´Ø§Ø¯ ØªØ±ÛŒÙ† Ø¢Ù‡Ù†Ú¯ Ù‡Ø§ÛŒ Ø±ÙˆØ² Ø±Ø§ Ù‡Ù…Ø±Ø§Ù‡ Ø®ÙˆØ¯ Ø¯Ø§Ø´ØªÙ‡ Ø¨Ø§Ø´ÛŒØ¯.
https://t.me/joinchat/AAAAAEOIvlOEW4WEJ1fAlg,"Risk Warning: Your capital may be at risk. Our signals are for educational purposes only, and are NOT investment advice. Never risk more money than you can afford to ..."
https://t.me/icocountdown,"If you have Telegram, you can view and join ICOcountdown.com - http://telegram.me/icocountdown right away."
https://t.me/joinchat/GzBuaBJ5vRP4oTjA0XkEiA,You are invited to the group GLOBAL BTC-GREEN COMMUNITY. Click above to join.
https://t.me/joinchat/AAAAAEJWl6bXVGfAmzhGEA,Join Channel. You are invited to the group FUNBET24. Click above to join.
https://t.me/joinchat/AAAAAECOmSfrdwhfWRYRJw,You are invited to the group NUS Buffet Response Team. Click above to join.
https://t.me/joinchat/AAAAADv9Sg2y8cfhgApWzw,Ø®Ø±ÛŒØ¯ ÙˆÙØ±ÙˆØ´ Ø±Ø³ÛŒÙˆØ± ÙÙˆÙ„ Ø§Ú†Ø¯ÛŒØŒÙ‚ÛŒÙ…Øª Ø§Ù†ÙˆØ§Ø¹ Ø±Ø³ÛŒÙˆØ±ØŒÙ…Ø¹Ø±ÙÛŒ Ø±Ø³ÛŒÙˆØ±Ù‡Ø§ÛŒ Ø¬Ø¯ÛŒØ¯ØŒ Ø¬Ù‡Øª Ø®Ø±ÛŒØ¯ Ù…Ø·Ù…Ø¦Ù† Ùˆ Ø¢Ú¯Ø§Ù‡Ø§Ù†Ù‡ ...
https://t.me/joinchat/G4W_d0SLo6BPuAViMp-oYw,This group is for PAID ETERNAL TV Customers Only. CLICK HERE for PINNED POST https://www.facebook.com/groups/1501085903313355/permalink/1554204588001486/
https://t.me/joinchat/DByWw0Pnq9BAy4FqPv_Lyg,"Stox official chat - Stox is an open source, Ethereum based platform for prediction markets. www.stox.com ..."
https://t.me/joinchat/AAAAAED1Yo7zCP82dIhC6Q,This channel is used to update all samsters regarding url changes of my site plus other useful snippets of information.
https://t.me/joinchat/B-3sT0G_cTC29EEWrlorXA,bitcore.cc - register your bitcoreaddress and get qualified for weekly airdrops
https://t.me/joinchat/AAAAAD8nNfxs7jpsYLKW_w,You are invited to the group Kali linux fan. Click above to join.
https://t.me/joinchat/F5GtMA2hHXXoeuHdiPiooA,You are invited to the group Asch-Platformï¼ˆenglish only). Click above to join.
https://t.me/joinchat/FbkvpwsImFz2HcZ9nHBvEQ,"Goalbonanza.com | The World's Best Football Lottery Game | $1-million jackpot on the World Cup 2018 FINAL | Alpha application live, PLAY NOW to WIN GOAL tokens ..."
https://t.me/joinchat/AAAAAEH3O3kOexOTBEuZFg,This channel is the official GoldReward telegram channel dedicated to announcements related to the GoldReward Token
https://t.me/joinchat/HjIQExE7tZa4f4XqbbSfWQ,Welcome to Trendit Community! Feel free to ask questions about the Trendit platform and ICO. Please check out www.trenditstudios.com Trendit Group has only One Rule ...
https://t.me/joinchat/Ep1AWRGoq-J1slfgmvQ32g,"BlockMesh utilizes Mesh technology to create decentralized, cost-free communication networks. ğŸ“±ğŸ“ˆ ICO launches 28 Feb â€˜18ğŸš€ Sign up on BlockMesh.io for ICO ..."
https://t.me/joinchat/AAAAADukYsB3P_A9gGgc1w,Ø¨Ø§ Ù…Ø¬ÙˆØ² Ø±Ø³Ù…ÛŒ www.cafework.ir Ø´Ø±Ø§ÛŒØ· Ø¯Ø±Ø¬ Ø¢Ú¯Ù‡ÛŒ Ù‡Ø§ÛŒ Ø§Ø³ØªØ®Ø¯Ø§Ù… Ùˆ ØªØ¨Ù„ÛŒØºØ§Øª: ğŸ‘‡ ğŸ†” @tarefeagahi ÙˆØ¨Ø³Ø§ÛŒØª ...
https://t.me/joinchat/AAAAAEGg2bX_55DI8zC3AQ,23.11.2017 ÑĞ¾ÑÑ‚Ğ¾Ğ¸Ñ‚ÑÑ ĞµĞ¶ĞµĞ³Ğ¾Ğ´Ğ½Ğ°Ñ ĞºĞ¾Ğ½Ñ„ĞµÑ€ĞµĞ½Ñ†Ğ¸Ñ Ğ½Ğ° Ñ‚ĞµĞ¼Ñƒ Ğ¿Ğ¾Ğ²Ñ‹ÑˆĞµĞ½Ğ¸Ñ Ğ±ĞµĞ·Ğ¾Ğ¿Ğ°ÑĞ½Ğ¾ÑÑ‚Ğ¸ Ğ² ĞºĞ¾Ñ€Ğ¿Ğ¾Ñ€Ğ°Ñ‚Ğ¸Ğ²Ğ½Ñ‹Ñ… ...
https://t.me/joinchat/AAAAAD_NN-M6V2s_VZCDqg,Ø§ÙØ²Ø§ÙŠØ´ Ù‚Ø¯ Ù¡Ù Ù Ùªâ€ ØªØ¶Ù…ÙŠÙ†ÙŠ Ø¨Ø§ Ù…ØªØ¯ Ú¯Ø±Ùˆ ØªØ§Ù„Ø± Ø¯Ø§ÙŠÙ†Ø§Ù…ÙŠÙƒ Ø¯Ø± ØµÙˆØ±Øª ÙˆØ¬ÙˆØ¯ Ù‡Ø±Ú¯ÙˆÙ†Ù‡ Ø³ÙˆØ§Ù„ Ø¨Ù‡ Ø§ÙŠØ¯ÙŠ Ø²ÙŠØ± Ù¾ÙŠØ§Ù… ...
https://t.me/joinchat/AAAAAEOjpuO9Ab9pufgsuA,âš½ï¸ÙƒØ§Ù†Ø§Ù„ Ø±Ø³Ù…Ù‰ ØªÙ„Ú¯Ø±Ø§Ù… Ø³Ø§ÙŠØª Ø¨Øª Ú†Ù‰ Ù©Ù  ğŸ‡®ğŸ‡· Ø¢Ø¯Ø±Ø³ Ø±Ø¨Ø§Øª ØªØ®ØµØµÛŒâ€ŒğŸ‘‡ @betchi90_bot Ø¢Ø¯Ø±Ø³ Ø¨Ø¯ÙˆÙ† ÙÛŒÙ„ØªØ±ğŸ‘‡ 9betchi90.net
https://t.me/joinchat/Ep1AWRGoq-J1slfgmvQ32g,"BlockMesh utilizes Mesh technology to create decentralized, cost-free communication networks. ğŸ“±ğŸ“ˆ ICO launches 28 Feb â€˜18ğŸš€ Sign up on BlockMesh.io for ICO ..."
https://t.me/joinchat/AAAAAD88ivlfOggLL5ScPw,Ø¯Ø§Ù†Ù„ÙˆØ¯ Ø¬Ø¯ÛŒØ¯ ØªØ±ÛŒÙ† Ùˆ Ø¨Ù‡ØªØ±ÛŒÙ† ÙÛŒÙ„Ù… Ù‡Ø§ÛŒ Ø±ÙˆØ² Ø¯Ù†ÛŒØ§ Ø¯Ø± Ú©Ø§Ù†Ø§Ù„ Ù…Ø§ . . . Ù…Ø§Ø±Ùˆ Ø¨Ù‡ Ø¯ÙˆØ³ØªØ§ØªÙˆÙ† Ù…Ø¹Ø±ÙÛŒ Ú©Ù†ÛŒØ¯ . @i ...
https://t.me/joinchat/AAAAAEIAh4Hd0nFkoUmK4g,You are invited to the group ListaGirada.Com. Click above to join.
https://t.me/joinchat/AAAAAEOqE7Yl4FgWDfcIFQ,ğŸ“¡ Ø³Ø±Ú¯Ø±Ù…ÛŒ ØªÙØ±ÛŒØ­ÛŒ-Ø³Ø¨Ú© Ø²Ù†Ø¯Ú¯ÛŒ ğŸ“¡ ğŸ“º Ø¨Ø¬Ø§ÛŒ Ú†Ù†Ø¯ÛŒÙ† Ú©Ø§Ù†Ø§Ù„ Ø¯Ø± ÛŒÚ© Ú©Ø§Ù†Ø§Ù„ Ø¹Ø¶Ùˆ Ø´ÙˆÛŒØ¯ Ùˆ Ú¯Ù„Ú†ÛŒÙ†ÛŒ Ø§Ø² Ø¨Ù‡ØªØ±ÛŒÙ†Ù‡Ø§ ...
https://t.me/joinchat/AAAAAEMT2KEPU5MMxyLc0A,You are invited to the group Lending Lifestyle Team. Click above to join.
https://t.me/joinchat/AAAAAEAhyUNiVKKG-jVt-Q,Ú©Ø§Ù†Ø§Ù„ Ø¨Ø®Ø´Ù†Ø§Ù…Ù‡ Ù‡Ø§ÛŒ Ø¢Ù…ÙˆØ²Ø´ Ùˆ Ù¾Ø±ÙˆØ±Ø´ @baakhshname Ú©Ø§Ù†Ø§Ù„ Ø¶Ù…Ù† Ø®Ø¯Ù…Øª @ltmss ØªØ¨Ù„ÛŒØºØ§Øª ÙØ±Ù‡Ù†Ú¯ğŸ”‰ https://t.me/joinchat ...
https://t.me/joinchat/GsIPTEPs0w9qTLNYZ_2IeQ,Abjcoin is a blockchain solution to foster commerce in Africa. Abjcoin makes use of the Proof of Stake (POS) algorithm which enables every user to become a miner and ...
https://t.me/joinchat/EAdiTQ3yZk_GkqU0IdG-Gg,You are invited to the group Divi Project. Click above to join.
https://t.me/joinchat/F4ox3EO_ubynqlzakd6lKw,You are invited to the group Eidoo Official Worldwide Chat. Click above to join.
https://t.me/joinchat/F4ox3EO_ubynqlzakd6lKw,You are invited to the group Eidoo Official Worldwide Chat. Click above to join.
https://t.me/joinchat/AAAAAEOpe5VVnksdZJ6mkQ,You are invited to the group Smoke Signals | Ğ•Ğ¶ĞµĞ´Ğ½ĞµĞ²Ğ½Ğ°Ñ Ğ°Ğ½Ğ°Ğ»Ğ¸Ñ‚Ğ¸ĞºĞ°. Click above to join.
https://t.me/joinchat/AAAAAD851oqVwhp9oy9WbQ,Insiders chat of Unigram Keep updated about new builds at @unigram Update history: @unigramsolved Please: - Talk in English - Keep the discussion about Unigram - Keep ...
https://t.me/joinchat/AAAAAD-pf5O7HnOBC18jwA,ØµØ¨Ø§ ØµÙ†Ø¹Øª Ø¹Ø±Ø¶Ù‡ Ú©Ù†Ù†Ø¯Ù‡ Ú©Ù„ÛŒÙ‡ Ù„ÙˆØ§Ø²Ù… Ù‡ÛŒØ¯Ø±ÙˆÙ„ÛŒÚ© Ùˆ Ù¾Ù†ÙˆÙ…Ø§ØªÛŒÚ© Ø¨Ø±Ø§ÛŒ ØªÙ‡ÛŒÙ‡ Ú©Ø§Ù„Ø§ Ø¨Ø§ Ø´Ù…Ø§Ø±Ù‡ Ù‡Ø§ÛŒ Ø²ÛŒØ± ØªÙ…Ø§Ø³ ...
https://t.me/joinchat/AAAAAEJP6sWcyI2jQQx9LQ,Ø§ÛŒÙ† Ú©Ø§Ù†Ø§Ù„ Ø¬Ù‡Øª Ø§Ú¯Ø§Ù‡ÛŒ Ø®Ø§Ù†ÙˆØ§Ø¯Ù‡ Ø´Ù…Ø§ Ø¯Ø± Ø±Ø§Ø¨Ø·Ù‡ Ø¨Ø§ ÛŒÚ©Ø¯ÛŒÚ¯Ø± ØªØ´Ú©ÛŒÙ„ Ø´Ø¯Ù‡ Ø§Ø³Øª. Ø¨Ø§ Ù…Ø§ Ø®Ø§Ù†Ù‡ Ø§ÛŒ Ø§Ù…Ù† Ø±Ø§ ØªØ¬Ø±Ø¨Ù‡ ...
https://t.me/joinchat/DnjvYUL1m653uJhFiAgpbg,You are invited to the group DigiByte Mining. Click above to join.
https://t.me/joinchat/AAAAAERqAl55zhoPQiH_sQ,You are invited to the group Trading Crypto Coach â„¢. Click above to join.
https://t.me/joinchat/AAAAADwUXNfEAjdzuRq6ow,Ú©Ø§Ù†Ø§Ù„ Ø±Ø³Ù…ÛŒ Ø³Ø§ÛŒØª Ù†ÛŒÚ© Ù…ÙˆØ²ÛŒÚ© ØªØ¨Ù„ÛŒØºØ§Øª ØŒ Ù¾Ø®Ø´ Ø¢Ù‡Ù†Ú¯ ( Ø¨Ø§ ØªØ¹Ø±ÙÙ‡ ) : @nicmusicads Ø§ÛŒÙ†Ø³ØªØ§Ú¯Ø±Ø§Ù… : https://www.instagram ...
https://t.me/joinchat/AAAAADwE4TwEW_gnCAzaVQ,"Ø³Ø§Ù…Ø§Ù†Ù‡ Ø§Ù…Ù† Ø®Ø±ÛŒØ¯ Ø¹Ù…Ø¯Ù‡ Ù„Ø¨Ø§Ø³ Ø§ÛŒØ±Ø§Ù† Ù„Ø¨Ø§Ø³ Ø¨Ú†Ú¯Ø§Ù†Ù‡,Ø²Ù†Ø§Ù†Ù‡,Ù…Ø±Ø¯Ø§Ù†Ù‡,Ø´Ø§Ù„ Ùˆ Ø±ÙˆØ³Ø±ÛŒ Ø¯Ø§Ø±Ø§ÛŒ Ù†Ù…Ø§Ø¯ Ø§Ø¹ØªÙ…Ø§Ø¯ ..."
http://t.me/durov,"If you have Telegram, you can view and join Durov's Channel right away."
https://t.me/joinchat/AAAAAEBTy7K9KXQcQsyozQ,You are invited to the group Edgeless Project Channel. Click above to join.
https://t.me/joinchat/GbWHDA-N03C_vyQ9hdscQQ,"Real, no BS discussions about Crypto Investing, upcoming ICO picks, and all things crypto."
https://t.me/joinchat/AAAAAEO6MCH4faP7-SYF8g,Ø®ÙˆØ¯Ù…ÙˆÙ† Ø³Ø±ÛŒØ§Ù„Ù‡Ø§ Ø±Ùˆ Ø§Ø² Ø´Ø¨Ú©Ù‡ Ù‡Ø§ÛŒ Ø¬Ù… Ø¶Ø¨Ø· Ù…ÛŒÚ©Ù†ÛŒÙ… Ø¨Ø±Ø§ÛŒ Ù‡Ù…ÛŒÙ† Ø§ÙˆÙ„ÛŒÙ† Ú©Ø§Ù†Ø§Ù„ÛŒ Ù‡Ø³ØªÛŒÙ… Ú©Ù‡ Ø§ÙˆÙ†Ø§ Ø±Ùˆ Ø³Ø±ÛŒØ¹ Ø¨Ø¹Ø¯ ...
https://t.me/appcoinsofficial,"If you have Telegram, you can view and join AppCoins Official right away."
https://t.me/joinchat/AAAAAEH1ncGx6H5aVp6GfQ,ğŸŒ http://MovieChanel.ir Ø±Ø§Ù‡Ù†Ù…Ø§ÛŒ ÙÛŒÙ„Ù… Ù‡Ø§: @help_movies Ø¨ÙˆØª ÙÛŒÙ„Ù… Ù‡Ø§ @NewFilm_pv_bot Ø¬Ø¯ÛŒØ¯ØªØ±ÛŒÙ† ÙÛŒÙ„Ù… Ù‡Ø§ ğŸŒŸ @New_Mov ÙÛŒÙ„Ù… ...
https://t.me/joinchat/AAAAAD_8Hgj5_cr4r1W41A,Ø¶Ø±Ø¨Ù‡ ÛŒ Ù†Ù‡Ø§ÛŒÛŒ Ù¾Ø§ÛŒØ§Ù† Ø®ÙˆØ´ Ø²Ù‡Ø±Ù‡ Ø­Ø§Ø¬ÛŒ Ø²Ø§Ø¯Ù‡ Ú©Ø¯ Ø´Ø§Ù…Ø¯: 1-1-296410-61-4-2 http://t.me/itdmcbot?start=poshtambosh
https://t.me/joinchat/AAAAAEbtCoqM8QkNd0VoFA,Ø§ÛŒØ´ÙˆÙ† Ù…Ø¯ÛŒØ±Ø§ØµÙ„ÛŒ Ù†ÛŒØ³ØªÙ† ÙˆÙÙ‚Ø· Ø§Ø¯Ù…ÛŒÙ† ØªØ¨Ø§Ø¯Ù„Ø§ØªÙ† ğŸ”° @Rezaey1224 ØªØ¹Ø±ÙÙ‡ ...
https://t.me/joinchat/BZ1bIzvX982D4GAtgN0ECA,ğŸ‘‡ğŸ‘‡ ØªØ¹Ø±ÙÙ‡ ØªØ¨Ù„ÛŒØºØ§Øª ğŸ”´ğŸ”´ @tikfilmads Tikfilm.net ØªÛŒÚ© ÙÛŒÙ„Ù…:Ø¯Ø§Ù†Ù„ÙˆØ¯ ÙÛŒÙ„Ù… ØŒ Ø³Ø±ÛŒØ§Ù„ Ùˆ Ø§Ù†ÛŒÙ…ÛŒØ´Ù† Ø¬Ø¯ÛŒØ¯
https://t.me/joinchat/AAAAAEABQk5IsIgmOepQOQ,You are invited to the group NEO IAS PRELIMS 2018. Click above to join.
https://t.me/joinchat/AAAAAD9Qilc2TdUyz8ON-g,Ø¯Ø± Ø§ÛŒÙ† Ú©Ø§Ù†Ø§Ù„ Ù…Ø·Ø§Ù„Ø¨ ÙØ§Ù†ØŒØ§Ø®Ø¨Ø§Ø± Ø±ÙˆØ²ØŒØ¯ÛŒØ¯Ù†ÛŒ Ù‡Ø§ Ø¯Ø± Ø§ÙˆÙ„ÛŒÙ† ØªØ§ÛŒÙ… Ù…Ù…Ú©Ù† Ù¾Ø³Øª Ù…ÛŒØ´ÙˆÙ†Ø¯ğŸŒ ÙØ¹Ø§Ù„ÛŒØª Ù‡Ø§ Ø¨Ø¯ÙˆØ± Ø§Ø² ...
https://t.me/joinchat/AAAAAEbtCoqM8QkNd0VoFA,Ø§ÛŒØ´ÙˆÙ† Ù…Ø¯ÛŒØ±Ø§ØµÙ„ÛŒ Ù†ÛŒØ³ØªÙ† ÙˆÙÙ‚Ø· Ø§Ø¯Ù…ÛŒÙ† ØªØ¨Ø§Ø¯Ù„Ø§ØªÙ† ğŸ”° @Rezaey1224 ØªØ¹Ø±ÙÙ‡ ...
https://t.me/joinchat/BZ1bIzvX982D4GAtgN0ECA,ğŸ‘‡ğŸ‘‡ ØªØ¹Ø±ÙÙ‡ ØªØ¨Ù„ÛŒØºØ§Øª ğŸ”´ğŸ”´ @tikfilmads Tikfilm.net ØªÛŒÚ© ÙÛŒÙ„Ù…:Ø¯Ø§Ù†Ù„ÙˆØ¯ ÙÛŒÙ„Ù… ØŒ Ø³Ø±ÛŒØ§Ù„ Ùˆ Ø§Ù†ÛŒÙ…ÛŒØ´Ù† Ø¬Ø¯ÛŒØ¯
https://t.me/joinchat/AAAAAEABQk5IsIgmOepQOQ,You are invited to the group NEO IAS PRELIMS 2018. Click above to join.
https://t.me/joinchat/AAAAAEIUbxCOgoyRrTcbSw,You are invited to the group Xalq Banki: Yangiliklar. Click above to join.
https://t.me/joinchat/AAAAAD9Qilc2TdUyz8ON-g,Ø¯Ø± Ø§ÛŒÙ† Ú©Ø§Ù†Ø§Ù„ Ù…Ø·Ø§Ù„Ø¨ ÙØ§Ù†ØŒØ§Ø®Ø¨Ø§Ø± Ø±ÙˆØ²ØŒØ¯ÛŒØ¯Ù†ÛŒ Ù‡Ø§ Ø¯Ø± Ø§ÙˆÙ„ÛŒÙ† ØªØ§ÛŒÙ… Ù…Ù…Ú©Ù† Ù¾Ø³Øª Ù…ÛŒØ´ÙˆÙ†Ø¯ğŸŒ ÙØ¹Ø§Ù„ÛŒØª Ù‡Ø§ Ø¨Ø¯ÙˆØ± Ø§Ø² ...
https://t.me/joinchat/FnzTdRIYf_OgP2A-J3mXPg,You are invited to the group Elliott Evolution. Click above to join.
https://t.me/joinchat/GHTZGQwsy9mZk0KFEEjGtg,You are invited to the group STORM Token. Click above to join.
https://t.me/joinchat/AAAAAEEHxd5AreC-yEufIQ,You are invited to the group ï¸ BOOSTUP LIKES ï¸. Click above to join.
https://t.me/joinchat/HNsEWQ-L0aCjHMsmKW-d_w,"A truly decentralised sports betting marketplace introducing the new betting Crypto currency, BETR"
https://t.me/SkrapsOfficial,"If you have Telegram, you can view and join SKRAPS Official Group right away."
https://t.me/joinchat/AAAAADuh6Eqj679gTB-RiA,Ø¢ÛŒ Ø²Ù…Ø±Ø¯ | Ø¬Ø¯ÛŒØ¯ØªØ±ÛŒÙ† Ø§Ø®Ø¨Ø§Ø± Ùˆ Ù…Ù‚Ø§Ù„Ø§Øª Ø­ÙˆØ²Ù‡ Ø®ÙˆØ¯Ø±Ùˆ Ø§ÛŒØ±Ø§Ù† Ùˆ Ø¬Ù‡Ø§Ù† ØªØ¨Ù„ÛŒØºØ§Øª: @izomorod_adv
https://t.me/joinchat/AAAAAD1wxUMDEVDUZqxBxg,ğŸ”´ Ù‚ÙˆØ§Ù†ÛŒÙ† Ú¯Ø±ÙˆÙ‡ ğŸ”´ ğŸ”¹ÙÙ‚Ø· Ù…Ø¨Ø§Ø­Ø« Ù…Ø±Ø¨ÙˆØ· Ø¨Ù‡ itØŒ Ú©Ø§Ù…Ù¾ÛŒÙˆØªØ±ØŒ Ù…ÙˆØ¨Ø§ÛŒÙ„ Ùˆ Ù‚ÛŒÙ…Øª Ù‡Ø§ÛŒ Ø¨Ø§Ø²Ø§Ø± Ø¯ÛŒØ¬ÛŒØªØ§Ù„ ğŸ”¹Ú†Øª ...
https://t.me/joinchat/F3UnDkKdMCG5P0R1PxNu1Q,ğŸš¨ ØªØ¨Ù„ÛŒØºØ§Øª Ø¨Ø¯ÙˆÙ† Ù‡Ù…Ø§Ù‡Ù†Ú¯ÛŒ Ø¨Ø§Ø¹Ø« Ø¨Ù„Ø§Ú© Ø´Ø¯Ù† Ø´Ù…Ø§ Ù…ÛŒ Ø´ÙˆØ¯ !!! âš  Ø¨Ø±Ø§ÛŒ Ø§Ø±Ø³Ø§Ù„ Ù¾ÛŒØ§Ù… Ø­ØªÙ…Ø§ Ø¨Ø§ÛŒØ¯ Ø§Ø² Ù‡Ø´ØªÚ¯ Ù‡Ø§ÛŒ # ...
https://t.me/joinchat/AAAAAEN1w-HxbhFj7BBGJQ,"18+ ĞœÑ‹ Ğ½Ğµ Ğ¿Ñ€Ğ¾Ğ¿Ğ°Ğ³Ğ°Ğ½Ğ´Ğ¸Ñ€ÑƒĞµĞ¼ Ğ½Ğ°Ñ€ĞºĞ¾Ñ‚Ğ¸ĞºĞ¸, Ğ²ÑÑ Ğ¸Ğ½Ñ„Ğ¾Ñ€Ğ¼Ğ°Ñ†Ğ¸Ñ Ğ¿Ñ€ĞµĞ´Ğ¾ÑÑ‚Ğ°Ğ²Ğ»ĞµĞ½Ğ° Ğ² Ğ¾Ğ·Ğ½Ğ°ĞºĞ¾Ğ¼Ğ¸Ñ‚ĞµĞ»ÑŒĞ½Ñ‹Ñ… Ñ†ĞµĞ»ÑÑ…."
https://t.me/joinchat/Gf6l90QyIV8JDE4EamzL9w,Group language is english ğŸ‡¬ğŸ‡§ !!! THE gay bareback community. FREE account on barebackfucker.com Follow BBF ğŸ¦ https://bbfucker.com/twitter Tumblr: https ...
https://t.me/Wavescommunity,"If you have Telegram, you can view and join WAVESPlatform right away."
https://t.me/joinchat/AAAAAFGeEzV1a2Fa4QmH1A,Ù…Ø¹ØªØ¨Ø± ØªØ±ÛŒÙ† Ø³Ø§ÛŒØª Ù¾ÛŒØ´ Ø¨ÛŒÙ†ÛŒ Ø¨Ø§ Ø§Ù¾Ø´Ù† Ù‡Ø§ÛŒ Ø¨ÛŒ Ù†Ø¸ÛŒØ± Ù¾Ø´ØªÛŒØ¨Ø§Ù†ÛŒ Û²Û´ Ø³Ø§Ø¹ØªÙ‡ ÙˆØ§Ø±ÛŒØ² Ø¬ÙˆØ§ÛŒØ² Ø²ÛŒØ± Û³Û° Ø¯Ù‚ÛŒÙ‚Ù‡ http ...
https://t.me/eachfree,"If you have Telegram, you can view and join SHARE WOOD | ĞŸĞ»Ğ°Ñ‚Ğ½Ğ¾Ğµ Ñ‚ĞµĞ¿ĞµÑ€ÑŒ Ğ±ĞµÑĞ¿Ğ»Ğ°Ñ‚Ğ½Ğ¾! right away."
https://t.me/joinchat/Ew3m5EBVg2XcqS0QQVc4wg,Ğ¡Ğ¾Ğ¾Ğ±Ñ‰ĞµÑÑ‚Ğ²Ğ¾ Ñ‚ĞµÑ… ĞºÑ‚Ğ¾ Ñ€Ğ°Ğ±Ğ¾Ñ‚Ğ°ĞµÑ‚ Ğ² Ğ³Ğ¾ÑĞ·Ğ°ĞºÑƒĞ¿ĞºĞ°Ñ…. ĞĞ¿ĞµÑ€Ğ°Ñ‚Ğ¸Ğ²Ğ½Ğ¾Ğµ Ñ€ĞµÑˆĞµĞ½Ğ¸Ğµ Ğ²Ğ¾Ğ¿Ñ€Ğ¾ÑĞ¾Ğ²! Ğ”Ğ»Ñ Ñ„Ğ»ÑƒĞ´Ğ° Ğ¸ ÑĞ¼Ğ¾Ñ€Ğ° ...
https://t.me/Ripple,"If you have Telegram, you can view and join Ripple XRP right away."
https://t.me/joinchat/AAAAAFGi8GE67WVGK3PQUQ,You are invited to the group Mike Games Crew ğŸŒ. Click above to join.
https://t.me/joinchat/GD_DdURbTDPcMB_3ruOpog,You are invited to the group BinaryOrders Free Trial. Click above to join.
https://t.me/joinchat/AAAAAEskiwgSHj3uQchW2w,We will share all hidden offer of aliexpress here. Our main group is Aliexpress Hidden Links / Offers
https://t.me/joinchat/AOdFfkkMyybPF-YXZ6w9jg,All relevant information regarding our SALPay solution - Using Payroll and Blockchain Technology to build a financial ecosystem. Main Website: https://www.salpay.com ...
https://t.me/joinchat/F8RH2kPmFCnA-igHBKSCAA,You are invited to the group Sumokoin Chat. Click above to join.
https://t.me/joinchat/AAAAAEVLyITiXqlcsHxcPA,Ù„ÛŒÙ†Ú© Ú©Ø§Ù†Ø§Ù„ Ø³Ú©30 Ù„ÛŒÙ†Ú© Ú©Ø§Ù†Ø§Ù„ ÙÛŒÙ„Ù… Ùˆ Ø¹Ú©Ø³ Ø³Ú©30 Ø¯Ø± ØªÙ„Ú¯Ø±Ø§Ù… Ø¢Ø¯Ø±Ø³ Ú©Ø§Ù†Ø§Ù„ Ø¯Ø§Ù†Ù„ÙˆØ¯ ÙÛŒÙ„Ù… Ø¢Ù…ÙˆØ²Ø´ Ø³Ú©30 Ø¯Ø± ...
https://t.me/Lshort,"If you have Telegram, you can view and join LIFE SHOT right away."
https://t.me/TheBlackWeb,"If you have Telegram, you can view and join TheDarkNet right away."
https://t.me/joinchat/AAAAAD7PYoiGwTPEwsB06A,Ø¨Ø§ Ø´Ù…Ø§ Ù‡Ø³ØªÛŒÙ… ØªØ§ Ø¯ÛŒÚ¯Ù‡ ÙÛŒÙ„ØªØ±ÛŒ Ù†Ø¨Ø§Ø´Ù‡ ğŸ”Œ Ø§Ø±ØªØ¨Ø§Ø· Ø¨Ø§ Ø§Ø¯Ù…ÛŒÙ†: @DelvesTruthAdmin ğŸª ÙˆØ¨Ø³Ø§ÛŒØª: https://sites.google.com/site ...
https://t.me/joinchat/AAAAAEOhPAEZc1IRUzynpg,You are invited to the group Ambasadii 7.0 ROM for S7/S7e Users. Click above to join.
https://t.me/joinchat/AAAAADv2_GyRJD9WBtD1qg,You are invited to the group Ú©Ø§Ù†Ø§Ù„ Ø§Ø·Ù„Ø§Ø¹ Ø±Ø³Ø§Ù†ÛŒ Ø¨Ø§Ø²Ø±Ú¯Ø§Ù†ÛŒ ØªÙˆØ³Ø¹Ù‡ Ùˆ ØªØ¬Ø§Ø±Øª Ù†Ø§Ø´Ø§. Click above to join.
https://t.me/joinchat/AAAAAEK403gAqPV6ONELAg,"Welcome to coffee shop Rules: Speak English only No Persian No ads ğŸ“› No link â›” No porn ğŸ” No PV ğŸš« AND ADDITION, ANY OPPRESSIVE â€¦"
https://t.me/joinchat/BX1fYD-X0UFrJFWXDAiFpg,"Connecting all over the world!!!ğŸ”® Now Connected above 70 Countries..!!!!ğŸ‘ˆ Group's Age 3 (March 15, 2015) t.me/internationalChatting ï¸ Share this link with ..."
https://t.me/joinchat/AAAAAEOUYnSIJiCuUFzcrA,You are invited to the group Ú©Ø§Ù†Ø§Ù„ Ú©Ø§Ø±Ø´Ù†Ø§Ø³ Ø¶Ù…Ù† Ø®Ø¯Ù…Øª. Click above to join.
https://t.me/dzen_yoga,"If you have Telegram, you can view and join Ğ™Ğ¾Ğ³Ğ°, Ğ¼ĞµĞ´Ğ¸Ñ‚Ğ°Ñ†Ğ¸Ñ Ğ¾Ğ½Ğ»Ğ°Ğ¹Ğ½, Ñ‡Ğ°Ñ‚ ğŸŒ± right away."
https://t.me/joinchat/FhJX1w6otwOjmbVof1dyvw,"We're here to help and answer your questions about Synapse.AI - AVOID SCAMS: We'll never PM/DM you or ask you to transfer funds here. Be smart, Be safe. https ..."
https://t.me/joinchat/AAAAAEBhxdLaGYGuOpfNjQ,This is one of the biggest group of Altcoin Trading communities. We do speculative and ensure short term trading profit for all members. Check our channel for more ...
https://t.me/joinchat/AAAAAEAbLp_SERJkiw4dkw,ğŸ”¹Ø§Ø±ØªØ¨Ø§Ø· Ø¨Ø§ Ø§Ø¯Ù…ÛŒÙ† ğŸ‘‡ @farstoday_admin ğŸ”¹Ø§Ø±ØªØ¨Ø§Ø· Ø¨Ø§ Ù…Ø¯ÛŒØ±ÛŒØª Ø§Ø³ØªØ§Ù†Ù‡Ø§ğŸ‘‡ @AK_ostanha1 ğŸ”µØ§Ø¯Ù…ÛŒÙ† ØªØ¨Ù„ÛŒØºØ§Øª @Farstabligh ...
https://t.me/joinchat/AAAAAECv0QoBkkOARF_9iw,Ú©Ø§Ù†Ø§Ù„ ØªÙ„Ú¯Ø±Ø§Ù… Ø³Ø§ÛŒØª 1xbet Ø¢Ø¯Ø±Ø³ Ø³Ø§ÛŒØª : www.1xir.net Ù¾Ø´ØªÛŒØ¨Ø§Ù†ÛŒ: @pishbinbet_support Ø¢Ù…ÙˆØ²Ø´ Ø«Ø¨Øª Ù†Ø§Ù…: @register_1xir Ø¢Ù…ÙˆØ²Ø´ ...
https://t.me/joinchat/HSDQ2RMJCQVjeHm9NLaoLg,You are invited to the group UPcoin Exchange. Click above to join.
https://t.me/joinchat/F5ztXQuMk5evu6HOTLO7Gw,"You are invited to the group Samsung Overlays,Themes and Root. Click above to join."
https://t.me/joinchat/AAAAAEN8rZQwEQJ4cl0fqA,Don't change the group name and icon Official channels @alltipinfo Group link-https://t.me/joinchat/AAAAAEN8rZQwEQJ4cl0fqA
https://t.me/joinchat/FhJX1w6otwOjmbVof1dyvw,"We're here to help and answer your questions about Synapse.AI - AVOID SCAMS: We'll never PM/DM you or ask you to transfer funds here. Be smart, Be safe. https ..."
https://t.me/joinchat/AAAAAEBhxdLaGYGuOpfNjQ,This is one of the biggest group of Altcoin Trading communities. We do speculative and ensure short term trading profit for all members. Check our channel for more ...
https://t.me/joinchat/AAAAAFNgas-8mT4fmKulFg,"STRAKS is a new decentralised, open source, community driven digital currency, focusing on e-commerce utility. Official website: straks.io"
https://t.me/joinchat/GkdUjUQ4jx_Apxmz2km4ww,Turn your phone into a crypto ATM ... You are invited to the group Dether. Click above to join.
https://t.me/dzen_yoga,"If you have Telegram, you can view and join Ğ™Ğ¾Ğ³Ğ°, Ğ¼ĞµĞ´Ğ¸Ñ‚Ğ°Ñ†Ğ¸Ñ Ğ¾Ğ½Ğ»Ğ°Ğ¹Ğ½, Ñ‡Ğ°Ñ‚ ğŸŒ± right away."
https://t.me/joinchat/AAAAADvutBfqXoKmhqfDfQ,ÙƒØ¯ Ø´Ø§Ù…Ø¯ 1-1-4074-61-4-1 ØªÙ‡Ø±Ø§Ù† Ø®ÛŒØ§Ø¨Ø§Ù† Ø§Ù…Ø§Ù… Ø®Ù…ÛŒÙ†ÛŒ Ø±ÙˆØ¨Ø±ÙˆÙŠ Ø¨ÙŠÙ…Ø§Ø±Ø³ØªØ§Ù† Ø³ÙŠÙ†Ø§ Ù¾Ø§Ø³Ø§Ú˜ Ø±Ø´ÙŠØ¯ Ù£ Ø·Ø¨Ù‚Ù‡ Ø§ÙˆÙ„ Ù¾Ù„Ø§Ùƒ Ù¤ ...
https://t.me/binanceexchange,"If you have Telegram, you can view and join Binance English right away."
https://t.me/joinchat/AAAAAEK403gAqPV6ONELAg,"Welcome to coffee shop Rules: Speak English only No Persian No ads ğŸ“› No link â›” No porn ğŸ” No PV ğŸš« AND ADDITION, ANY OPPRESSIVE â€¦"
https://t.me/joinchat/AAAAAEK403gAqPV6ONELAg,"Welcome to coffee shop Rules: Speak English only No Persian No ads ğŸ“› No link â›” No porn ğŸ” No PV ğŸš« AND ADDITION, ANY OPPRESSIVE â€¦"
https://t.me/joinchat/AAAAADvIKDBjtdY2CyO2VQ,ğŸ‘ªÚ©ÙˆØ¯Ú© Ø¢Ù†Ù„Ø§ÛŒÙ† Ø¨Ø§Ù‡Ø¯Ù Ø§Ø·Ù„Ø§Ø¹â€ŒØ±Ø³Ø§Ù†ÛŒ Ø¯Ø±Ø²Ù…ÛŒÙ†Ù‡ Ù‡Ø§ÛŒ Ø¨Ø§Ø±Ø¯Ø§Ø±ÛŒØŒ Ù…Ø±Ø§Ù‚Ø¨Øª Ø§Ø² Ù†ÙˆØ²Ø§Ø¯Ø§Ù† Ùˆ Ú©ÙˆØ¯Ú©Ø§Ù† Ùˆ Ø§Ø±ØªÙ‚Ø§ÛŒ ...
https://t.me/joinchat/CvhCSRGJrlvYHnVN6LJDhQ,Official Veritium Chat/ Sustainable & Eco-friendly Crypto-Mining https://t.me/joinchat/CvhCSRGJrlvYHnVN6LJDhQ
https://t.me/dentcoin,"If you have Telegram, you can view and join DENTcoin right away."
https://t.me/joinchat/AAAAAAsEK8FSR-0XPuqB1A,Join Channel. You are invited to the group monkeys. Click above to join.
https://t.me/joinchat/CHi8Ng5CIyOYSfuhp54rVA,Please also subscribe to the IPCHAIN Database news TG: https://t.me/ipchainnews
http://t.me/Altcoin,"If you have Telegram, you can view and join Altcoins Channel right away."
https://t.me/BriskPassICO,"If you have Telegram, you can view and join Brisk Pass (BSK) right away."
https://t.me/joinchat/HSDQ2RMJCQVjeHm9NLaoLg,You are invited to the group UPcoin Exchange. Click above to join.
https://t.me/savedroid,"If you have Telegram, you can view and join savedroid ICO group right away."
https://t.me/joinchat/AAAAAEOUYnSIJiCuUFzcrA,You are invited to the group Ú©Ø§Ù†Ø§Ù„ Ú©Ø§Ø±Ø´Ù†Ø§Ø³ Ø¶Ù…Ù† Ø®Ø¯Ù…Øª. Click above to join.
https://t.me/joinchat/HSDQ2RMJCQVjeHm9NLaoLg,You are invited to the group UPcoin Exchange. Click above to join.
https://t.me/fluzfluzico,Earn passive income everytime others shop ico.fluzfluz.com . You are also welcome to join our Announcements channel to receive official announcements and news from ...
https://t.me/dockio,"If you have Telegram, you can view and join dock.io right away."
https://t.me/joinchat/AAAAAEKiEBpZ0SPkUkuRSQ,Ù…Ø±Ø¬Ø¹ Ø§Ø·Ù„Ø§Ø¹ Ø±Ø³Ø§Ù†ÛŒ Ø¨ÙˆØ±Ø³ Ù‡Ø§ÛŒ ØªØ­ØµÛŒÙ„ÛŒ Ø¬Ù‡Ø§Ù† Ù„ÛŒØ³Ø§Ù†Ø³ ÙÙˆÙ‚ Ù„ÛŒØ³Ø§Ù†Ø³ Ø¯Ú©ØªØ±ÛŒ www.bursyab.com Ø§Ø±ØªØ¨Ø§Ø· Ø¨Ø§ Ù…Ø§ ...
https://t.me/ru_FTP,"If you have Telegram, you can view and join FTP right away."
https://t.me/joinchat/AAAAAEL7zqPnYNSJ-Ss1CQ,Ú©Ø§Ù†Ø§Ù„ Ø±Ø³Ù…ÛŒ ÙˆØ¨Ø³Ø§ÛŒØª Ù†Ú©Ø³Øª Ø±ÙˆÛŒØ¯ http://nextroid.ir Ø¯Ø± Ø§ÛŒÙ† Ú©Ø§Ù†Ø§Ù„ Ø¬Ø¯ÛŒØ¯ØªØ±ÛŒÙ† Ø¨Ø±Ù†Ø§Ù…Ù‡ Ù‡Ø§ Ùˆ Ø¨Ø§Ø²ÛŒ Ù‡Ø§ÛŒ Ø§Ù†Ø¯Ø±ÙˆÛŒØ¯ÛŒ Ùˆ ...
https://t.me/joinchat/AAAAAECv0QoBkkOARF_9iw,Ú©Ø§Ù†Ø§Ù„ ØªÙ„Ú¯Ø±Ø§Ù… Ø³Ø§ÛŒØª 1xbet Ø¢Ø¯Ø±Ø³ Ø³Ø§ÛŒØª : www.1xir.net Ù¾Ø´ØªÛŒØ¨Ø§Ù†ÛŒ: @pishbinbet_support Ø¢Ù…ÙˆØ²Ø´ Ø«Ø¨Øª Ù†Ø§Ù…: @register_1xir Ø¢Ù…ÙˆØ²Ø´ ...
https://t.me/joinchat/AAAAAD85OMzyWsv6eNv1jQ,@Gerdo_bavanat's official channel Ø³Ù„Ø§Ù…Øª ğŸ Ø¨Ø§ØºØ¯Ø§Ø±ÛŒğŸŒ³ Ú©Ø´Ø§ÙˆØ±Ø²ÛŒğŸŒ± Ø±ÙˆØ´ Ù‡Ø§ÛŒ Ù†ÙˆÛŒÙ† Ø¨Ø§ØºØ¯Ø§Ø±ÛŒ Ø§ÛŒÙ† Ù…Ø¬Ù…ÙˆØ¹Ù‡ Ø¯Ø§Ø±Ø§ÛŒ Ù…Ø¬ÙˆØ² ...
https://t.me/joinchat/AAAAAECHNVUrGA5qysNGlg,You are invited to the group [FR] ğŸ›´ Xiaomi m365 scooter ğŸ›´ [FR]. Click above to join.
https://t.me/joinchat/AAAAAECv0QoBkkOARF_9iw,Ú©Ø§Ù†Ø§Ù„ ØªÙ„Ú¯Ø±Ø§Ù… Ø³Ø§ÛŒØª 1xbet Ø¢Ø¯Ø±Ø³ Ø³Ø§ÛŒØª : www.1xir.net Ù¾Ø´ØªÛŒØ¨Ø§Ù†ÛŒ: @pishbinbet_support Ø¢Ù…ÙˆØ²Ø´ Ø«Ø¨Øª Ù†Ø§Ù…: @register_1xir Ø¢Ù…ÙˆØ²Ø´ ...
https://t.me/joinchat/AAAAAD85OMzyWsv6eNv1jQ,@Gerdo_bavanat's official channel Ø³Ù„Ø§Ù…Øª ğŸ Ø¨Ø§ØºØ¯Ø§Ø±ÛŒğŸŒ³ Ú©Ø´Ø§ÙˆØ±Ø²ÛŒğŸŒ± Ø±ÙˆØ´ Ù‡Ø§ÛŒ Ù†ÙˆÛŒÙ† Ø¨Ø§ØºØ¯Ø§Ø±ÛŒ Ø§ÛŒÙ† Ù…Ø¬Ù…ÙˆØ¹Ù‡ Ø¯Ø§Ø±Ø§ÛŒ Ù…Ø¬ÙˆØ² ...
https://t.me/joinchat/AAAAAECHNVUrGA5qysNGlg,You are invited to the group [FR] ğŸ›´ Xiaomi m365 scooter ğŸ›´ [FR]. Click above to join.
https://t.me/joinchat/AAAAADwK2DEnrtksE5IAyw,ğŸŒº Ù…Ø¬Ù€Ù„Ù€Ù€Û ØªÙØ±ÛŒØ­Û’ ÚªÙ€Ù€Ø§ÙÙ€Û Ø¹Ø³Ù€Ù€Ù„ ğŸŒº â€Œ â€Œ ğŸ“©Ø¢ÛŒØ¯ÛŒ Ø¬Ù‡Øª ØªØ¨Ù„ÛŒØºØ§Øª: @KafeAsal_ads â€Œâ€Œ â€Œ Ú©Ø§Ù†Ø§Ù„ Ø¯ÙˆÙ… Ù…Ø§ ...
https://t.me/restartenergy,"If you have Telegram, you can view and join RED Restart Energy Democracy right away."
https://t.me/joinchat/AAAAAEPWX6kx0ZXJsLWutA,ĞÑ„Ğ¸Ñ†Ğ¸Ğ°Ğ»ÑŒĞ½Ñ‹Ğ¹ Ñ‚ĞµĞ»ĞµĞ³Ñ€Ğ°Ğ¼Ğ¼ ĞºĞ°Ğ½Ğ°Ğ» Zoobe Ğ—Ğ°Ğ¹ĞºĞ¸! ĞĞ²Ñ‚Ğ¾Ñ€ @Megapes vk.com/megapes Ğ“Ñ€ÑƒĞ¿Ğ¿Ğ° vk.com/zoobecom
https://t.me/joinchat/AAAAAD-8jKvJEaNU4dgGcw,ğŸ“¥ Ú©Ø§Ù†Ø§Ù„ Ø±Ø³Ù…ÛŒ Ø³Ø§ÛŒØª Ø¯Ø§Ù†Ù„ÙˆØ¯ Ù¾Ù„Ø§Ø³ ğŸ“¥ Ø¯Ø§Ù†Ù„ÙˆØ¯ Ø±Ø§ÛŒÚ¯Ø§Ù† ÙÛŒÙ„Ù… ğŸ Ø¨Ø§Ø²ÛŒğŸ® Ù†Ø±Ù… Ø§ÙØ²Ø§Ø±ğŸ“€ Ú©ØªØ§Ø¨ğŸ“š Ø§Ø³Ú©Ø±ÛŒÙ¾Øª ...
https://t.me/joinchat/HE1lF0cPRPDt61Gnh8KH3A,"Linoâ€˜s mission is to create a collectively owned, decentralized means of distribution, which ensures all content value is directly distributed to content creators ..."
https://t.me/newsrambler,"If you have Telegram, you can view and join Ğ Ğ°Ğ¼Ğ±Ğ»ĞµÑ€/ right away."
https://t.me/joinchat/AAAAAEGoyIeSOYBCVRQwIQ,Don't change the group name and icon Official channels @alltipinfo Group link-https://t.me/joinchat/AAAAAEGoyIeSOYBCVRQwIQ
https://t.me/experty_io,"If you have Telegram, you can view and join Experty.io right away."
https://t.me/joinchat/HOtcikSXOw787WSWyYxjjg,You are invited to the group BULLY TOKEN. Click above to join.
https://t.me/joinchat/AAAAAEQonwvaWP31Lsng4Q,You are invited to the group ĞĞ½Ğ¾Ğ½Ğ¸Ğ¼Ğ½Ñ‹Ğµ Ğ¿Ğ¾ÑˆĞ»Ğ¾ÑÑ‚Ğ¸. Click above to join.
https://t.me/joinchat/AAAAAEM6m855pWlvgvtheA,You are invited to the group Filippo Martin Blog. Click above to join.
https://t.me/dailyeng,"If you have Telegram, you can view and join ĞĞ½Ğ³Ğ»Ğ¸Ğ¹ÑĞºĞ¸Ğ¹ ÑĞ·Ñ‹Ğº ğŸ‡¬ğŸ‡§ right away."
https://t.me/joinchat/AAAAADwAs70IdwYhPvlASQ,ğŸ“Œ Ú¯Ø²Ø§Ø±Ø´ Ù‡Ø§ÛŒ ØªØµÙˆÛŒØ±ÛŒ Ø§Ø² Ú©Ø´ÙˆØ± Ú©Ø§Ù†Ø§Ø¯Ø§ ğŸ“ŒØ¢Ù…ÙˆØ²Ø´ Ø§ØµØ·Ù„Ø§Ø­Ø§Øª Ú©Ø§Ø±Ø¨Ø±Ø¯ÛŒ ğŸ“ŒØ¢Ù…ÙˆØ²Ø´ Ù…Ú©Ø§Ù„Ù…Ù‡ Ù‡Ø§ÛŒ Ú©ÙˆØªØ§Ù‡ ...
https://t.me/joinchat/AAAAAEpcDGjnzhteIJQEFA,Ø§Ø·Ù„Ø§Ø¹ Ø±Ø³Ø§Ù†ÛŒ Ø¯Ø± Ø²Ù…ÛŒÙ†Ù‡ #Ù¾Ø²Ø´Ú©ÛŒ #Ø´Ù†ÙˆØ§ÛŒÛŒ #Ú¯ÙˆØ´ #Ø³Ù…Ø¹Ú© Ø§Ø±ØªØ¨Ø§Ø· Ø¨Ø§ Ø§Ø¯Ù…ÛŒÙ† Ø¬Ù‡Øª Ù¾ÛŒØ´Ù†Ù‡Ø§Ø¯Ø§Øª ØŒ Ø§Ù†ØªÙ‚Ø§Ø¯Ø§Øª ...
https://t.me/joinchat/AAAAAD6nrFvb71P_6gHkOw,You are invited to the group Indira Bizarelli VIP. Click above to join.
https://t.me/joinchat/AAp6F0BcbV27St3Ynd8c6w,"Ğ Ğ°Ğ·Ğ²Ñ€Ğ°Ñ‚, Ğ¸Ğ·Ğ²Ñ€Ğ°Ñ‚, Ğ³Ñ€ÑƒĞ¿Ğ¿Ñ‹, Ğ‘Ğ”Ğ¡Ğœ, ÑĞµĞºÑ, Ñ„Ğ¸ÑÑ‚, Ğ²ÑÑ‚Ñ€ĞµÑ‡Ğ¸. ĞĞ°Ğ»Ğ¸Ñ‡Ğ¸Ğµ Ğ°Ğ²Ñ‹ Ñ Ğ»Ğ¸Ñ†Ğ¾Ğ¼ Ğ¾Ğ±ÑĞ·Ğ°Ñ‚ĞµĞ»ÑŒĞ½Ğ¾."
https://t.me/joinchat/EaEnSUPktgfoI-XPfMYtcQ,You are invited to the group EOS Developers. Click above to join.
https://t.me/joinchat/AAAAADvr6VOBt3KdzsUYXQ,Ø³Ø§ÛŒØª ØªØ®ØµØµÛŒ Ø´Ù‡Ø±Ø³Ø§Ø²ÛŒ Ø§ÛŒØ±Ø§Ù† - Ø´Ù‡Ø±Ø³Ø§Ø²ÛŒ Ø¢Ù†Ù„Ø§ÛŒÙ† Www.ShahrsaziOnline.com Ø§Ø±ØªØ¨Ø§Ø· Ø¨Ø§ Ù…Ø§ Ùˆ ØªØ¨Ø§Ø¯Ù„ ØªØ¨Ù„ÛŒØºØ§Øª ...
https://t.me/joinchat/AAAAAEAeHjcEazlXjS9imw,Ø¨Ø§Ù†Ú© ØªÙ„Ú¯Ø±Ø§Ù…#LinkBia #Ù…ØªÙˆÙ† Ù†Ø§Ø¨ #Ù…Ø·Ø§Ù„Ø¨ Ù…ÙÛŒØ¯ğŸ“— #Ø¹Ú©Ø³ #ÙˆÛŒØ³ ğŸµ #Ú©Ù„ÛŒÙ¾ğŸ¥ #Ø«Ø¨Øª Ú¯Ø±ÙˆÙ‡/Ú©Ø§Ù†Ø§Ù„/ØªØ¨Ù„ÛŒØºØ§Øª Ø¨Ø§ ...
https://t.me/viewly,"If you have Telegram, you can view and join Viewly right away."
https://t.me/joinchat/AAAAAEIjb7Y82h8Z4QmD2w,You are invited to the group Furry world boys. Click above to join.
https://t.me/joinchat/AAAAADxUvjLxzdNTvvv-3w,"Solo le migliori offerte di Amazon selezionate per voi! ğŸ“© amz@tariffando.it ğŸ”— @tariffando Tariffando partecipa al Programma Affiliazione Amazon EU, esso ..."
https://t.me/meduzapro,"If you have Telegram, you can view and join Meduza Breaking right away."
https://t.me/joinchat/AAAAAEJzOxtIZzrf6WIcaA,You are invited to the group Lady Only. Click above to join.
https://t.me/joinchat/AAAAAD9z1HISInLnxVZj2A,ğŸ’¥ Ø±Ø³Ø§Ù†Ù‡ Ù†Ø¨Ø¶ ÙÛŒÙ„Ù… ğŸ’¥ . Ø§Ø±Ø§Ø¦Ù‡ Ø¯Ù‡Ù†Ø¯Ù‡ ÛŒ ÙÛŒÙ„Ù… Ù‡Ø§ÛŒ Ø§ÛŒØ±Ø§Ù†ÛŒ Ùˆ Ø®Ø§Ø±Ø¬ÛŒ Ùˆ Ù‡Ù†Ø¯ÛŒ Ø¯Ø§Ù†Ù„ÙˆØ¯ ÙÛŒÙ„Ù… Ù‡Ø§ÛŒ Ø¯ÙˆØ¨Ù„Ù‡ ...
https://t.me/crypterium,"If you have Telegram, you can view and join Crypterium Chat (EN) right away."
https://t.me/joinchat/AAAAAD7jCUXo_aczjD_Egg,Ø§ÙˆÙ„ÛŒÙ† Ú©Ø§Ù†Ø§Ù„ Ø±Ø³Ù…ÛŒ ØµÛŒØºÙ‡ ÛŒØ§Ø¨ÛŒ Ùˆ Ù‡Ù…Ø³Ø± ÛŒØ§Ø¨ÛŒ Ù…ÙˆÙ‚Øª Ø¯Ø± Ø§ÛŒØ±Ø§Ù†
https://t.me/joinchat/AAAAAEQOoGiI0oW-Ewo_Ig,ğŸŒ¸Ğ¢Ğ¾Ğ¿Ğ¾Ğ²Ñ‹Ğ¹ Ğ¿Ğ°Ğ±Ğ»Ğ¸Ğº ğŸŒ¸ ğŸ’•Ğ”Ğ»Ñ ĞºÑ€ÑƒÑ‚Ñ‹Ñ… Ğ´ĞµĞ²Ñ‡ĞµĞ½Ğ¾Ğº ğŸ’• ğŸŒ¿Ğ—Ğ´ĞµÑÑŒ Ñ‚Ñ‹ ÑƒĞ²Ğ¸Ğ´ĞµÑˆÑŒğŸŒ¿ ğŸŒ™Ğ¢Ğ¾Ğ¿Ğ¾Ğ²Ñ‹Ğµ ...
https://t.me/joinchat/AAAAAEA5dhaFkXdniIt9FA,Ø¯Ø§Ù†Ù„ÙˆØ¯ ÙÛŒÙ„Ù… Ùˆ Ø³Ø±ÛŒØ§Ù„ Ø¯ÙˆØ¨Ù„Ù‡ ÙØ§Ø±Ø³ÛŒ Ùˆ Ø³Ø§Ù†Ø³ÙˆØ± Ø´Ø¯Ù‡ @sansorha_ir www.sansorha.ir Ø¬Ù‡Øª Ø­Ù…Ø§ÛŒØª Ø§Ø² Ø³Ø§Ù†Ø³ÙˆØ±Ù‡Ø§ Ø±ÙˆÛŒ ...
https://t.me/joinchat/EaEnSUPktgfoI-XPfMYtcQ,You are invited to the group EOS Developers. Click above to join.
https://t.me/joinchat/AAAAAEFa-ZnwdHjfGvktFw,Ø¢Ù…ÙˆØ²Ø´ Ù‡Ø§ÛŒ Ø®ÙˆØ§Ù†Ù†Ø¯Ú¯ÛŒ Ø¨Ù‡ Ù‡Ù…Ø±Ø§Ù‡ Ø¨ÛŒØ´ Ø§Ø² Û¶Û°Û° Ø¢Ù‡Ù†Ú¯ Ø¨ÛŒÚ©Ù„Ø§Ù… Ø¨Ø±Ø§ÛŒ ØªÙ…Ø±ÛŒÙ† Ø¨Ù‡ Ù‡Ù…Ø±Ø§Ù‡ ØªØ±Ø§Ù†Ù‡ ÙØ±ÙˆØ´ Ø¢Ù‡Ù†Ú¯ Ù‡Ø§ÛŒ ...
https://t.me/joinchat/AAAAAFEu_xjhEkj5cwaARA,ĞŸĞ¾ Ñ€ĞµĞºĞ»Ğ°Ğ¼Ğµ Ğ¸ ÑĞ¾Ñ‚Ñ€ÑƒĞ´Ğ½Ğ¸Ñ‡ĞµÑÑ‚Ğ²Ñƒ @panda12335 ĞœĞµĞ½.Ñ€ĞµĞº. @Raduga12345 @LionKhan1310 @danatsafr https://t.me/joinchat/AAAAAFEu_xjhEkj5cwaARA ...
https://t.me/joinchat/AAAAAEH9IULe9teAGqSkBQ,Ğ”Ğ½ĞµĞ²Ğ½Ğ¸ĞºĞ¸ ĞºÑ€Ğ¸Ğ¿Ñ‚Ğ¾Ğ¸Ğ½Ğ²ĞµÑÑ‚Ğ¾Ñ€Ğ°. Ğ¡Ğ¾Ğ·Ğ´Ğ°Ñ‚ĞµĞ»ÑŒ: @Alex_Dnev ĞŸĞ¾ Ğ²Ğ¿: @mejjerin Ğ ĞµĞºĞ»Ğ°Ğ¼Ğ° Ğ½Ğ° ĞºĞ°Ğ½Ğ°Ğ»Ğµ: http://telegra.ph/Usloviya ...
https://t.me/joinchat/AAAAADvBkICbwgyyK-znvQ,You are invited to the group Ø§ÛŒØ±Ø§Ù† Ù¾Ø±Ø³ Ù†ÛŒÙˆØ². Click above to join.
https://t.me/joinchat/AAAAAD1T9JdWzsRLK6ObMg,Ù…Ù‡Ø§Ø¬Ø±ØªØŒ Ú©Ø§Ø±ØŒ ØªØ­ØµÛŒÙ„ Ùˆ Ø³Ø±Ù…Ø§ÛŒÙ‡ Ú¯Ø°Ø§Ø±ÛŒ ØªØ­ØµÛŒÙ„ Ù¾Ø²Ø´Ú©ÛŒ Ùˆ Ø¯Ù†Ø¯Ø§Ù† Ø¯Ø± Ø®Ø§Ø±Ø¬ ØªÙ‡Ø±Ø§Ù†: 02144023612 Ø´ÛŒØ±Ø§Ø²: 07136292310 ...
https://t.me/joinchat/AAAAAD-47zPm1D1q7MDjxQ,Ø¯ÙˆØ³Øª Ø¯Ø§Ø´ØªÙ‡ Ø¨Ø§Ø´ Ùˆ Ø²Ù†Ø¯Ú¯ÛŒ Ú©Ù† Ø²Ù…Ø§Ù† Ø¨Ø±Ø§ÛŒ Ù‡Ù…ÛŒØ´Ù‡ Ø§Ø² Ø¢Ù† ØªÙˆ Ù†ÛŒØ³Øª . ğŸ˜…Ø®Ù†Ø¯Ù‡ ØªÙˆ Ø¨Ù‡ØªØ±ÛŒÙ† Ø¯Ø¹Ø§ Ø¨Ø±Ø§ÛŒ Ù…Ù†Ù‡ğŸ™ .
https://t.me/Ladesov_blog,"If you have Telegram, you can view and join Ğ¢Ğ¸Ğ¿Ğ¸Ñ‡Ğ½Ñ‹Ğ¹ ĞœĞ¸Ğ»Ğ»Ğ¸Ğ¾Ğ½ĞµÑ€ right away."
https://t.me/joinchat/AAAAAFEu_xjhEkj5cwaARA,ĞŸĞ¾ Ñ€ĞµĞºĞ»Ğ°Ğ¼Ğµ Ğ¸ ÑĞ¾Ñ‚Ñ€ÑƒĞ´Ğ½Ğ¸Ñ‡ĞµÑÑ‚Ğ²Ñƒ @panda12335 ĞœĞµĞ½.Ñ€ĞµĞº. @Raduga12345 @LionKhan1310 @danatsafr https://t.me/joinchat/AAAAAFEu_xjhEkj5cwaARA ...
https://t.me/joinchat/AAAAAEH9IULe9teAGqSkBQ,Ğ”Ğ½ĞµĞ²Ğ½Ğ¸ĞºĞ¸ ĞºÑ€Ğ¸Ğ¿Ñ‚Ğ¾Ğ¸Ğ½Ğ²ĞµÑÑ‚Ğ¾Ñ€Ğ°. Ğ¡Ğ¾Ğ·Ğ´Ğ°Ñ‚ĞµĞ»ÑŒ: @Alex_Dnev ĞŸĞ¾ Ğ²Ğ¿: @mejjerin Ğ ĞµĞºĞ»Ğ°Ğ¼Ğ° Ğ½Ğ° ĞºĞ°Ğ½Ğ°Ğ»Ğµ: http://telegra.ph/Usloviya ...
https://t.me/joinchat/AAAAAD1T9JdWzsRLK6ObMg,Ù…Ù‡Ø§Ø¬Ø±ØªØŒ Ú©Ø§Ø±ØŒ ØªØ­ØµÛŒÙ„ Ùˆ Ø³Ø±Ù…Ø§ÛŒÙ‡ Ú¯Ø°Ø§Ø±ÛŒ ØªØ­ØµÛŒÙ„ Ù¾Ø²Ø´Ú©ÛŒ Ùˆ Ø¯Ù†Ø¯Ø§Ù† Ø¯Ø± Ø®Ø§Ø±Ø¬ ØªÙ‡Ø±Ø§Ù†: 02144023612 Ø´ÛŒØ±Ø§Ø²: 07136292310 ...
https://t.me/joinchat/AAAAAD-47zPm1D1q7MDjxQ,Ø¯ÙˆØ³Øª Ø¯Ø§Ø´ØªÙ‡ Ø¨Ø§Ø´ Ùˆ Ø²Ù†Ø¯Ú¯ÛŒ Ú©Ù† Ø²Ù…Ø§Ù† Ø¨Ø±Ø§ÛŒ Ù‡Ù…ÛŒØ´Ù‡ Ø§Ø² Ø¢Ù† ØªÙˆ Ù†ÛŒØ³Øª . ğŸ˜…Ø®Ù†Ø¯Ù‡ ØªÙˆ Ø¨Ù‡ØªØ±ÛŒÙ† Ø¯Ø¹Ø§ Ø¨Ø±Ø§ÛŒ Ù…Ù†Ù‡ğŸ™ .
https://t.me/Ladesov_blog,"If you have Telegram, you can view and join Ğ¢Ğ¸Ğ¿Ğ¸Ñ‡Ğ½Ñ‹Ğ¹ ĞœĞ¸Ğ»Ğ»Ğ¸Ğ¾Ğ½ĞµÑ€ right away."
https://www.t.me/joinchat/CaccS0A5Th5ZJmn7IOn3xg,rules: ğŸš«prohibited flood. ğŸš«prohibited cp (child pornography) ğŸš«prohibited nudes. ğŸš«prohibited spam. reglas: ğŸš«prohibido flood. ğŸš«prohibido cp (child ...
https://t.me/joinchat/AAAAAD_--ZBDu47xKv8KDw,ğŸ‘ˆØ¬Ø¯ÛŒØ¯ØªØ±ÛŒÙ† ÙÛŒÙ„Ù… Ù‡Ø§ Ùˆ Ø³Ø±ÛŒØ§Ù„ Ù‡Ø§ÛŒ Ø§ÛŒØ±Ø§Ù†ÛŒ ØŒ ØªØ±Ú©ÛŒ ØŒ Ù‡Ù†Ø¯ÛŒ Ùˆ Ø¢Ù…Ø±ÛŒÚ©Ø§ÛŒÛŒ Ø±Ùˆ ØªÙˆÙˆÛŒ Ø³Ø±Ø²Ù…ÛŒÙ† ÙÛŒÙ„Ù… Ùˆ Ø³Ø±ÛŒØ§Ù„ ...
https://t.me/ua112,"If you have Telegram, you can view and join 112.ua right away."
https://t.me/joinchat/AAAAAD4YPJ_Psg9FPp5ZMQ,ï¸ğŸ”°Ú¯Ø±ÙˆÙ‡ Ø¨Ø²Ø±Ú¯ Ø§ÛŒØ±Ø§Ù† Ø¯Ù‡ÛŒØ§Ø± ğŸ”´Ø¨Ø³ØªØ±ÛŒ Ø¨Ø±Ø§ÛŒ ØªØ¹Ø§Ù…Ù„ Ø¨ÛŒØ´ Ø§Ø²Ù¾ÛŒØ´ Ø¯Ù‡ÛŒØ§Ø±Ø§Ù† Ùˆ Ø´ÙˆØ±Ø§Ù‡Ø§ÛŒ Ú©Ø´ÙˆØ± ğŸ‘‡ğŸ‘‡ğŸ‘‡ https://t ...
https://t.me/joinchat/E3E-jEMgVwrtOy2QHxD1-A,You are invited to the group XIAOMI SCOOTER CLUB. Click above to join.
https://t.me/joinchat/AAAAAD25Os6vQuJ6LZhsow,Ú©Ø§Ù†Ø§Ù„ Ø§Ø³ØªØ±ÙˆØ¦ÛŒØ¯ Ùˆ Ù¾Ù¾ØªØ§ÛŒØ¯ https://t.me/joinchat/AAAAAEQNpqrrtx-93QKk4A Ú©Ø§Ù†Ø§Ù„ Ø¢Ø±ÛŒØ§ Ø±Ø§Ù‡Ù†Ù…Ø§ https://t.me/joinchat/AAAAAEG9nZATAsmHZEKpdQ ...
https://t.me/joinchat/AAAAAEMQQia2J8x-bQTo6g,You are invited to the group BASIC ATTENTION TOKEN ICO!. Click above to join.
https://t.me/joinchat/AAAAAEQSKVzi7c6dNOiNDg,Official Moozik Channel Ù¾ÛŒØ´Ù†Ù‡Ø§Ø¯Ø§Øª Ùˆ ØªØ¨Ù„ÛŒØºØ§ØªğŸ‘ˆ @mobin_j20 âš ï¸ ØªØ¨Ù„ÛŒØºØ§Øª Ø±Ø§ÛŒÚ¯Ø§Ù† Ù†Ø¯Ø§Ø±ÛŒÙ… ...
https://t.me/joinchat/Gv3VFA6eGHIr-z7dxU80Zg,You are invited to the group NAIJAUNCUT XXX GROUP CHAT. Click above to join.
https://www.t.me/joinchat/AAAAAERZd18E-ZDo9R3wRA,You are invited to the group Kuwait-Auctions. Click above to join.
https://t.me/joinchat/AAAAAEBe4Wx8vnLn5o2c2Q,ï·½ Ù„Ø¨ Ø±Ø§ Ù‡Ù†Ù€Ù€Ù€Ù€Ù€Ø± Ø®Ù†Ù€Ø¯Ù‡ Ø¨ÛŒÙ€Ù€Ù€Ø§Ù…ÙˆØ² ÙˆÚ¯Ù€Ù€Ù€Ù€Ø±Ù†Ù‡ Ú¯Ø±ÛŒØ§Ù†Ø¯Ù† ÛŒÚ© Ø¬Ù…Ø¹ Ù¾Ø±ÛŒØ´Ø§Ù† Ù‡Ù†Ø±ÛŒ Ù†ÛŒØ³Øª Ù„Ø°Øª ÛŒÚ© Ø¬Ø´Ù† Ø´Ø§Ø¯ ...
http://t.me/joinchat/AAAAAD4qh4ElUP4Y7ZlMjA,ØªÙ†Ù‡Ø§ ØªÙˆÙ„ÛŒØ¯ Ú©Ù†Ù†Ø¯Ù‡ Ù…ÛŒØ² Ùˆ ØµÙ†Ø¯Ù„ÛŒ Ú†Ù‡Ø§Ø± Ù†ÙØ±Ù‡ ØªØ§Ø´Ùˆ Ø¯Ø± Ø§ÛŒØ±Ø§Ù† Ú©Ø¯ Ø´Ø§Ù…Ø¯:1-2-720639-61-4-1 Ø§Ø³ØªØ¹Ù„Ø§Ù… Ø´Ø§Ù…Ø¯: http://t.me ...
https://t.me/civicplatform,"If you have Telegram, you can view and join Civic Network Supporters right away."
https://t.me/joinchat/AAAAAEKBDgTPST0dVcxGIA,REGOLE DEL GRUPPO: 1ï¸âƒ£Rispetta gli altri membri 2ï¸âƒ£Usa un linguaggio corretto
https://t.me/joinchat/GV8sqENf7mNKhVI1wCuyXA,You are invited to the group AquariumBlog Grupo. Click above to join.
https://t.me/joinchat/Fyimyw4fL0qqbSO_eYWhJA,You are invited to the group Wir3ane Caramel. Click above to join.
https://t.me/belugapay,"If you have Telegram, you can view and join BelugaPay ICO right away."
https://t.me/SapienNetwork,"If you have Telegram, you can view and join Sapien Network right away."
https://t.me/tlgblog,"If you have Telegram, you can view and join ĞĞ¾Ğ²Ğ¾ÑÑ‚Ğ¸ Ğ¢ĞµĞ»ĞµĞ³Ñ€Ğ°Ğ¼ right away."
https://t.me/spotanin,"If you have Telegram, you can view and join ĞŸĞ¾Ñ‚Ğ°Ğ½Ğ¸Ğ½ Ğ¡ĞµÑ€Ğ³ĞµĞ¹ right away."
https://t.me/joinchat/Hg73Sw9TVhMzCTpthiA_ig,You are invited to the group Crypto Fiend Community Chat. Click above to join.
https://www.t.me/joinchat/HQxw3Ed1AW_QuXLJ7Fo6ng,Gruppo ufficiale di Stream On Demand Forum: https://goo.gl/2aXz7t Canale: https://t.me/StreamOnDemand P. S. Pure ita non centra niente con SOD!
https://t.me/joinchat/AAAAADwT_-Qk1aYHKs24xA,You are invited to the group ÙØ§ÛŒÙ„ Ù‡Ø§ÛŒ Ø­Ù‚ÙˆÙ‚ÛŒ Ø¨Ø±Ø§ÛŒ Ø¢Ø²Ù…ÙˆÙ† Ù‡Ø§ÛŒ Ø­Ù‚ÙˆÙ‚ÛŒ. Click above to join.
https://t.me/officialcoinpoker,You can view and join @officialcoinpoker right away.
https://t.me/joinchat/F8RH2kPmFCnA-igHBKSCAA,You are invited to the group Sumokoin Chat. Click above to join.
https://t.me/joinchat/AAAAAD4r32p608XAS3RoNA,Ø¨Ø±Ø§ÛŒ Ø§Ø·Ù„Ø§Ø¹ Ø§Ø² ØªØ¹Ø±ÙÙ‡ Ù‡Ø§ÛŒ ØªØ¨Ù„ÛŒØºØ§Øª Ú©Ø§Ù†Ø§Ù„ Ø²ÛŒØ± ğŸ‘‡ @Nabtori_Tablighat Ø¨Ø±Ø§ÛŒ Ø³ÙØ§Ø±Ø´ ØªØ¨Ù„ÛŒØº (ØªÙ…Ø§Ø³ Ø¨Ø§ Ø§Ø¯Ù…ÛŒÙ†) ğŸ‘‡ @ ...
https://t.me/joinchat/Fyimyw4fL0qqbSO_eYWhJA,You are invited to the group Wir3ane Caramel. Click above to join.
https://t.me/belugapay,"If you have Telegram, you can view and join BelugaPay ICO right away."
https://t.me/SapienNetwork,"If you have Telegram, you can view and join Sapien Network right away."
https://t.me/tlgblog,"If you have Telegram, you can view and join ĞĞ¾Ğ²Ğ¾ÑÑ‚Ğ¸ Ğ¢ĞµĞ»ĞµĞ³Ñ€Ğ°Ğ¼ right away."
https://t.me/spotanin,"If you have Telegram, you can view and join ĞŸĞ¾Ñ‚Ğ°Ğ½Ğ¸Ğ½ Ğ¡ĞµÑ€Ğ³ĞµĞ¹ right away."
https://t.me/joinchat/Hg73Sw9TVhMzCTpthiA_ig,You are invited to the group Crypto Fiend Community Chat. Click above to join.
https://www.t.me/joinchat/HQxw3Ed1AW_QuXLJ7Fo6ng,Gruppo ufficiale di Stream On Demand Forum: https://goo.gl/2aXz7t Canale: https://t.me/StreamOnDemand P. S. Pure ita non centra niente con SOD!
https://t.me/officialcoinpoker,You can view and join @officialcoinpoker right away.
https://t.me/rt_russian,"If you have Telegram, you can view and join RT Ğ½Ğ° Ñ€ÑƒÑÑĞºĞ¾Ğ¼ right away."
